"filename", "language", "Markdown", "Python", "MS SQL", "JSON with Comments", "XML", "JSON", "JavaScript", "Properties", "HTML", "YAML", "vue", "PostCSS", "Java", "comment", "blank", "total"
"d:\项目\综合课程设计\SOMS-5\.cunzhi-memory\context.md", "Markdown", 3, 0, 0, 0, 0, 0, 0, 0, 0, 0, 0, 0, 0, 0, 2, 5
"d:\项目\综合课程设计\SOMS-5\.cunzhi-memory\metadata.json", "JSON", 0, 0, 0, 0, 0, 6, 0, 0, 0, 0, 0, 0, 0, 0, 0, 6
"d:\项目\综合课程设计\SOMS-5\.cunzhi-memory\patterns.md", "Markdown", 2, 0, 0, 0, 0, 0, 0, 0, 0, 0, 0, 0, 0, 0, 2, 4
"d:\项目\综合课程设计\SOMS-5\.cunzhi-memory\preferences.md", "Markdown", 1, 0, 0, 0, 0, 0, 0, 0, 0, 0, 0, 0, 0, 0, 2, 3
"d:\项目\综合课程设计\SOMS-5\.cunzhi-memory\rules.md", "Markdown", 3, 0, 0, 0, 0, 0, 0, 0, 0, 0, 0, 0, 0, 0, 2, 5
"d:\项目\综合课程设计\SOMS-5\.idea\bangong.iml", "XML", 0, 0, 0, 0, 9, 0, 0, 0, 0, 0, 0, 0, 0, 0, 0, 9
"d:\项目\综合课程设计\SOMS-5\.idea\compiler.xml", "XML", 0, 0, 0, 0, 23, 0, 0, 0, 0, 0, 0, 0, 0, 0, 0, 23
"d:\项目\综合课程设计\SOMS-5\.idea\encodings.xml", "XML", 0, 0, 0, 0, 7, 0, 0, 0, 0, 0, 0, 0, 0, 0, 0, 7
"d:\项目\综合课程设计\SOMS-5\.idea\jarRepositories.xml", "XML", 0, 0, 0, 0, 20, 0, 0, 0, 0, 0, 0, 0, 0, 0, 0, 20
"d:\项目\综合课程设计\SOMS-5\.idea\misc.xml", "XML", 0, 0, 0, 0, 15, 0, 0, 0, 0, 0, 0, 0, 0, 0, 0, 15
"d:\项目\综合课程设计\SOMS-5\.idea\modules.xml", "XML", 0, 0, 0, 0, 8, 0, 0, 0, 0, 0, 0, 0, 0, 0, 0, 8
"d:\项目\综合课程设计\SOMS-5\.idea\vcs.xml", "XML", 0, 0, 0, 0, 6, 0, 0, 0, 0, 0, 0, 0, 0, 0, 0, 6
"d:\项目\综合课程设计\SOMS-5\README.md", "Markdown", 86, 0, 0, 0, 0, 0, 0, 0, 0, 0, 0, 0, 0, 0, 36, 122
"d:\项目\综合课程设计\SOMS-5\SERVICE_STARTUP.md", "Markdown", 60, 0, 0, 0, 0, 0, 0, 0, 0, 0, 0, 0, 0, 0, 22, 82
"d:\项目\综合课程设计\SOMS-5\SOMS-5.code-workspace", "JSON with Comments", 0, 0, 0, 12, 0, 0, 0, 0, 0, 0, 0, 0, 0, 0, 0, 12
"d:\项目\综合课程设计\SOMS-5\WEBSOCKET_FIX.md", "Markdown", 49, 0, 0, 0, 0, 0, 0, 0, 0, 0, 0, 0, 0, 0, 27, 76
"d:\项目\综合课程设计\SOMS-5\admin-backend\pom.xml", "XML", 0, 0, 0, 0, 154, 0, 0, 0, 0, 0, 0, 0, 0, 19, 24, 197
"d:\项目\综合课程设计\SOMS-5\admin-backend\src\main\java\com\office\admin\AdminBackendApplication.java", "Java", 0, 0, 0, 0, 0, 0, 0, 0, 0, 0, 0, 0, 12, 6, 4, 22
"d:\项目\综合课程设计\SOMS-5\admin-backend\src\main\java\com\office\admin\common\BusinessException.java", "Java", 0, 0, 0, 0, 0, 0, 0, 0, 0, 0, 0, 0, 22, 6, 7, 35
"d:\项目\综合课程设计\SOMS-5\admin-backend\src\main\java\com\office\admin\common\GlobalExceptionHandler.java", "Java", 0, 0, 0, 0, 0, 0, 0, 0, 0, 0, 0, 0, 32, 15, 8, 55
"d:\项目\综合课程设计\SOMS-5\admin-backend\src\main\java\com\office\admin\common\Result.java", "Java", 0, 0, 0, 0, 0, 0, 0, 0, 0, 0, 0, 0, 62, 43, 25, 130
"d:\项目\综合课程设计\SOMS-5\admin-backend\src\main\java\com\office\admin\config\CorsConfig.java", "Java", 0, 0, 0, 0, 0, 0, 0, 0, 0, 0, 0, 0, 21, 11, 10, 42
"d:\项目\综合课程设计\SOMS-5\admin-backend\src\main\java\com\office\admin\config\JwtAuthenticationFilter.java", "Java", 0, 0, 0, 0, 0, 0, 0, 0, 0, 0, 0, 0, 61, 12, 15, 88
"d:\项目\综合课程设计\SOMS-5\admin-backend\src\main\java\com\office\admin\config\MybatisPlusConfig.java", "Java", 0, 0, 0, 0, 0, 0, 0, 0, 0, 0, 0, 0, 27, 15, 6, 48
"d:\项目\综合课程设计\SOMS-5\admin-backend\src\main\java\com\office\admin\config\SecurityConfig.java", "Java", 0, 0, 0, 0, 0, 0, 0, 0, 0, 0, 0, 0, 43, 22, 15, 80
"d:\项目\综合课程设计\SOMS-5\admin-backend\src\main\java\com\office\admin\config\SwaggerConfig.java", "Java", 0, 0, 0, 0, 0, 0, 0, 0, 0, 0, 0, 0, 24, 3, 3, 30
"d:\项目\综合课程设计\SOMS-5\admin-backend\src\main\java\com\office\admin\config\WebSocketConfig.java", "Java", 0, 0, 0, 0, 0, 0, 0, 0, 0, 0, 0, 0, 24, 5, 5, 34
"d:\项目\综合课程设计\SOMS-5\admin-backend\src\main\java\com\office\admin\controller\AnnouncementController.java", "Java", 0, 0, 0, 0, 0, 0, 0, 0, 0, 0, 0, 0, 19, 9, 6, 34
"d:\项目\综合课程设计\SOMS-5\admin-backend\src\main\java\com\office\admin\controller\AuthController.java", "Java", 0, 0, 0, 0, 0, 0, 0, 0, 0, 0, 0, 0, 98, 37, 25, 160
"d:\项目\综合课程设计\SOMS-5\admin-backend\src\main\java\com\office\admin\controller\CollaborativeDocumentController.java", "Java", 0, 0, 0, 0, 0, 0, 0, 0, 0, 0, 0, 0, 187, 42, 23, 252
"d:\项目\综合课程设计\SOMS-5\admin-backend\src\main\java\com\office\admin\controller\DashboardController.java", "Java", 0, 0, 0, 0, 0, 0, 0, 0, 0, 0, 0, 0, 169, 52, 50, 271
"d:\项目\综合课程设计\SOMS-5\admin-backend\src\main\java\com\office\admin\controller\DepartmentController.java", "Java", 0, 0, 0, 0, 0, 0, 0, 0, 0, 0, 0, 0, 102, 34, 13, 149
"d:\项目\综合课程设计\SOMS-5\admin-backend\src\main\java\com\office\admin\controller\DocumentController.java", "Java", 0, 0, 0, 0, 0, 0, 0, 0, 0, 0, 0, 0, 173, 43, 36, 252
"d:\项目\综合课程设计\SOMS-5\admin-backend\src\main\java\com\office\admin\controller\EmployeeManagementController.java", "Java", 0, 0, 0, 0, 0, 0, 0, 0, 0, 0, 0, 0, 64, 33, 14, 111
"d:\项目\综合课程设计\SOMS-5\admin-backend\src\main\java\com\office\admin\controller\LeaveApplicationController.java", "Java", 0, 0, 0, 0, 0, 0, 0, 0, 0, 0, 0, 0, 165, 15, 35, 215
"d:\项目\综合课程设计\SOMS-5\admin-backend\src\main\java\com\office\admin\controller\MessageController.java", "Java", 0, 0, 0, 0, 0, 0, 0, 0, 0, 0, 0, 0, 54, 16, 17, 87
"d:\项目\综合课程设计\SOMS-5\admin-backend\src\main\java\com\office\admin\controller\OrganizationController.java", "Java", 0, 0, 0, 0, 0, 0, 0, 0, 0, 0, 0, 0, 75, 24, 10, 109
"d:\项目\综合课程设计\SOMS-5\admin-backend\src\main\java\com\office\admin\controller\RoleController.java", "Java", 0, 0, 0, 0, 0, 0, 0, 0, 0, 0, 0, 0, 200, 43, 40, 283
"d:\项目\综合课程设计\SOMS-5\admin-backend\src\main\java\com\office\admin\controller\TaskController.java", "Java", 0, 0, 0, 0, 0, 0, 0, 0, 0, 0, 0, 0, 23, 10, 5, 38
"d:\项目\综合课程设计\SOMS-5\admin-backend\src\main\java\com\office\admin\controller\WorkflowEngineController.java", "Java", 0, 0, 0, 0, 0, 0, 0, 0, 0, 0, 0, 0, 172, 39, 24, 235
"d:\项目\综合课程设计\SOMS-5\admin-backend\src\main\java\com\office\admin\controller\WorkflowInstanceController.java", "Java", 0, 0, 0, 0, 0, 0, 0, 0, 0, 0, 0, 0, 222, 15, 40, 277
"d:\项目\综合课程设计\SOMS-5\admin-backend\src\main\java\com\office\admin\controller\WorkflowTemplateController.java", "Java", 0, 0, 0, 0, 0, 0, 0, 0, 0, 0, 0, 0, 137, 36, 21, 194
"d:\项目\综合课程设计\SOMS-5\admin-backend\src\main\java\com\office\admin\dto\DocumentProcessRequest.java", "Java", 0, 0, 0, 0, 0, 0, 0, 0, 0, 0, 0, 0, 13, 0, 2, 15
"d:\项目\综合课程设计\SOMS-5\admin-backend\src\main\java\com\office\admin\dto\LoginRequest.java", "Java", 0, 0, 0, 0, 0, 0, 0, 0, 0, 0, 0, 0, 35, 8, 11, 54
"d:\项目\综合课程设计\SOMS-5\admin-backend\src\main\java\com\office\admin\dto\LoginResponse.java", "Java", 0, 0, 0, 0, 0, 0, 0, 0, 0, 0, 0, 0, 126, 13, 37, 176
"d:\项目\综合课程设计\SOMS-5\admin-backend\src\main\java\com\office\admin\dto\StartWorkflowRequest.java", "Java", 0, 0, 0, 0, 0, 0, 0, 0, 0, 0, 0, 0, 19, 27, 11, 57
"d:\项目\综合课程设计\SOMS-5\admin-backend\src\main\java\com\office\admin\dto\TaskCommentRequest.java", "Java", 0, 0, 0, 0, 0, 0, 0, 0, 0, 0, 0, 0, 12, 0, 4, 16
"d:\项目\综合课程设计\SOMS-5\admin-backend\src\main\java\com\office\admin\dto\TaskCreateRequest.java", "Java", 0, 0, 0, 0, 0, 0, 0, 0, 0, 0, 0, 0, 18, 0, 4, 22
"d:\项目\综合课程设计\SOMS-5\admin-backend\src\main\java\com\office\admin\dto\TaskQueryRequest.java", "Java", 0, 0, 0, 0, 0, 0, 0, 0, 0, 0, 0, 0, 17, 0, 4, 21
"d:\项目\综合课程设计\SOMS-5\admin-backend\src\main\java\com\office\admin\dto\TaskUpdateRequest.java", "Java", 0, 0, 0, 0, 0, 0, 0, 0, 0, 0, 0, 0, 21, 0, 4, 25
"d:\项目\综合课程设计\SOMS-5\admin-backend\src\main\java\com\office\admin\dto\WorkflowTaskRequest.java", "Java", 0, 0, 0, 0, 0, 0, 0, 0, 0, 0, 0, 0, 15, 21, 9, 45
"d:\项目\综合课程设计\SOMS-5\admin-backend\src\main\java\com\office\admin\dto\WorkflowTemplateRequest.java", "Java", 0, 0, 0, 0, 0, 0, 0, 0, 0, 0, 0, 0, 60, 105, 37, 202
"d:\项目\综合课程设计\SOMS-5\admin-backend\src\main\java\com\office\admin\entity\Announcement.java", "Java", 0, 0, 0, 0, 0, 0, 0, 0, 0, 0, 0, 0, 103, 9, 37, 149
"d:\项目\综合课程设计\SOMS-5\admin-backend\src\main\java\com\office\admin\entity\AttendanceRecord.java", "Java", 0, 0, 0, 0, 0, 0, 0, 0, 0, 0, 0, 0, 111, 9, 40, 160
"d:\项目\综合课程设计\SOMS-5\admin-backend\src\main\java\com\office\admin\entity\CollaborativeDocument.java", "Java", 0, 0, 0, 0, 0, 0, 0, 0, 0, 0, 0, 0, 34, 0, 14, 48
"d:\项目\综合课程设计\SOMS-5\admin-backend\src\main\java\com\office\admin\entity\CollaborativeOperation.java", "Java", 0, 0, 0, 0, 0, 0, 0, 0, 0, 0, 0, 0, 26, 0, 10, 36
"d:\项目\综合课程设计\SOMS-5\admin-backend\src\main\java\com\office\admin\entity\CollaborativeSession.java", "Java", 0, 0, 0, 0, 0, 0, 0, 0, 0, 0, 0, 0, 32, 0, 13, 45
"d:\项目\综合课程设计\SOMS-5\admin-backend\src\main\java\com\office\admin\entity\Department.java", "Java", 0, 0, 0, 0, 0, 0, 0, 0, 0, 0, 0, 0, 119, 9, 43, 171
"d:\项目\综合课程设计\SOMS-5\admin-backend\src\main\java\com\office\admin\entity\Document.java", "Java", 0, 0, 0, 0, 0, 0, 0, 0, 0, 0, 0, 0, 46, 0, 20, 66
"d:\项目\综合课程设计\SOMS-5\admin-backend\src\main\java\com\office\admin\entity\Employee.java", "Java", 0, 0, 0, 0, 0, 0, 0, 0, 0, 0, 0, 0, 102, 9, 37, 148
"d:\项目\综合课程设计\SOMS-5\admin-backend\src\main\java\com\office\admin\entity\LeaveApplication.java", "Java", 0, 0, 0, 0, 0, 0, 0, 0, 0, 0, 0, 0, 170, 11, 61, 242
"d:\项目\综合课程设计\SOMS-5\admin-backend\src\main\java\com\office\admin\entity\Role.java", "Java", 0, 0, 0, 0, 0, 0, 0, 0, 0, 0, 0, 0, 69, 8, 25, 102
"d:\项目\综合课程设计\SOMS-5\admin-backend\src\main\java\com\office\admin\entity\Task.java", "Java", 0, 0, 0, 0, 0, 0, 0, 0, 0, 0, 0, 0, 58, 0, 26, 84
"d:\项目\综合课程设计\SOMS-5\admin-backend\src\main\java\com\office\admin\entity\TaskComment.java", "Java", 0, 0, 0, 0, 0, 0, 0, 0, 0, 0, 0, 0, 38, 0, 16, 54
"d:\项目\综合课程设计\SOMS-5\admin-backend\src\main\java\com\office\admin\entity\User.java", "Java", 0, 0, 0, 0, 0, 0, 0, 0, 0, 0, 0, 0, 106, 8, 35, 149
"d:\项目\综合课程设计\SOMS-5\admin-backend\src\main\java\com\office\admin\entity\WorkflowCondition.java", "Java", 0, 0, 0, 0, 0, 0, 0, 0, 0, 0, 0, 0, 36, 39, 16, 91
"d:\项目\综合课程设计\SOMS-5\admin-backend\src\main\java\com\office\admin\entity\WorkflowHistory.java", "Java", 0, 0, 0, 0, 0, 0, 0, 0, 0, 0, 0, 0, 36, 39, 16, 91
"d:\项目\综合课程设计\SOMS-5\admin-backend\src\main\java\com\office\admin\entity\WorkflowInstance.java", "Java", 0, 0, 0, 0, 0, 0, 0, 0, 0, 0, 0, 0, 55, 66, 25, 146
"d:\项目\综合课程设计\SOMS-5\admin-backend\src\main\java\com\office\admin\entity\WorkflowNode.java", "Java", 0, 0, 0, 0, 0, 0, 0, 0, 0, 0, 0, 0, 42, 48, 19, 109
"d:\项目\综合课程设计\SOMS-5\admin-backend\src\main\java\com\office\admin\entity\WorkflowTask.java", "Java", 0, 0, 0, 0, 0, 0, 0, 0, 0, 0, 0, 0, 54, 66, 25, 145
"d:\项目\综合课程设计\SOMS-5\admin-backend\src\main\java\com\office\admin\entity\WorkflowTemplate.java", "Java", 0, 0, 0, 0, 0, 0, 0, 0, 0, 0, 0, 0, 45, 51, 20, 116
"d:\项目\综合课程设计\SOMS-5\admin-backend\src\main\java\com\office\admin\mapper\AnnouncementMapper.java", "Java", 0, 0, 0, 0, 0, 0, 0, 0, 0, 0, 0, 0, 59, 42, 15, 116
"d:\项目\综合课程设计\SOMS-5\admin-backend\src\main\java\com\office\admin\mapper\AttendanceRecordMapper.java", "Java", 0, 0, 0, 0, 0, 0, 0, 0, 0, 0, 0, 0, 80, 27, 10, 117
"d:\项目\综合课程设计\SOMS-5\admin-backend\src\main\java\com\office\admin\mapper\CollaborativeDocumentMapper.java", "Java", 0, 0, 0, 0, 0, 0, 0, 0, 0, 0, 0, 0, 42, 18, 9, 69
"d:\项目\综合课程设计\SOMS-5\admin-backend\src\main\java\com\office\admin\mapper\DepartmentMapper.java", "Java", 0, 0, 0, 0, 0, 0, 0, 0, 0, 0, 0, 0, 44, 36, 13, 93
"d:\项目\综合课程设计\SOMS-5\admin-backend\src\main\java\com\office\admin\mapper\DocumentMapper.java", "Java", 0, 0, 0, 0, 0, 0, 0, 0, 0, 0, 0, 0, 27, 15, 8, 50
"d:\项目\综合课程设计\SOMS-5\admin-backend\src\main\java\com\office\admin\mapper\EmployeeMapper.java", "Java", 0, 0, 0, 0, 0, 0, 0, 0, 0, 0, 0, 0, 51, 33, 12, 96
"d:\项目\综合课程设计\SOMS-5\admin-backend\src\main\java\com\office\admin\mapper\LeaveApplicationMapper.java", "Java", 0, 0, 0, 0, 0, 0, 0, 0, 0, 0, 0, 0, 84, 30, 11, 125
"d:\项目\综合课程设计\SOMS-5\admin-backend\src\main\java\com\office\admin\mapper\RoleMapper.java", "Java", 0, 0, 0, 0, 0, 0, 0, 0, 0, 0, 0, 0, 36, 36, 13, 85
"d:\项目\综合课程设计\SOMS-5\admin-backend\src\main\java\com\office\admin\mapper\TaskCommentMapper.java", "Java", 0, 0, 0, 0, 0, 0, 0, 0, 0, 0, 0, 0, 13, 3, 4, 20
"d:\项目\综合课程设计\SOMS-5\admin-backend\src\main\java\com\office\admin\mapper\TaskMapper.java", "Java", 0, 0, 0, 0, 0, 0, 0, 0, 0, 0, 0, 0, 42, 18, 9, 69
"d:\项目\综合课程设计\SOMS-5\admin-backend\src\main\java\com\office\admin\mapper\UserMapper.java", "Java", 0, 0, 0, 0, 0, 0, 0, 0, 0, 0, 0, 0, 29, 27, 9, 65
"d:\项目\综合课程设计\SOMS-5\admin-backend\src\main\java\com\office\admin\mapper\WorkflowConditionMapper.java", "Java", 0, 0, 0, 0, 0, 0, 0, 0, 0, 0, 0, 0, 23, 18, 8, 49
"d:\项目\综合课程设计\SOMS-5\admin-backend\src\main\java\com\office\admin\mapper\WorkflowHistoryMapper.java", "Java", 0, 0, 0, 0, 0, 0, 0, 0, 0, 0, 0, 0, 20, 18, 8, 46
"d:\项目\综合课程设计\SOMS-5\admin-backend\src\main\java\com\office\admin\mapper\WorkflowInstanceMapper.java", "Java", 0, 0, 0, 0, 0, 0, 0, 0, 0, 0, 0, 0, 21, 18, 8, 47
"d:\项目\综合课程设计\SOMS-5\admin-backend\src\main\java\com\office\admin\mapper\WorkflowNodeMapper.java", "Java", 0, 0, 0, 0, 0, 0, 0, 0, 0, 0, 0, 0, 23, 18, 8, 49
"d:\项目\综合课程设计\SOMS-5\admin-backend\src\main\java\com\office\admin\mapper\WorkflowTaskMapper.java", "Java", 0, 0, 0, 0, 0, 0, 0, 0, 0, 0, 0, 0, 23, 21, 9, 53
"d:\项目\综合课程设计\SOMS-5\admin-backend\src\main\java\com\office\admin\mapper\WorkflowTemplateMapper.java", "Java", 0, 0, 0, 0, 0, 0, 0, 0, 0, 0, 0, 0, 16, 12, 6, 34
"d:\项目\综合课程设计\SOMS-5\admin-backend\src\main\java\com\office\admin\service\AuthService.java", "Java", 0, 0, 0, 0, 0, 0, 0, 0, 0, 0, 0, 0, 132, 42, 35, 209
"d:\项目\综合课程设计\SOMS-5\admin-backend\src\main\java\com\office\admin\service\CollaborativeDocumentService.java", "Java", 0, 0, 0, 0, 0, 0, 0, 0, 0, 0, 0, 0, 28, 51, 20, 99
"d:\项目\综合课程设计\SOMS-5\admin-backend\src\main\java\com\office\admin\service\DocumentService.java", "Java", 0, 0, 0, 0, 0, 0, 0, 0, 0, 0, 0, 0, 29, 51, 20, 100
"d:\项目\综合课程设计\SOMS-5\admin-backend\src\main\java\com\office\admin\service\EmployeeManagementService.java", "Java", 0, 0, 0, 0, 0, 0, 0, 0, 0, 0, 0, 0, 283, 57, 77, 417
"d:\项目\综合课程设计\SOMS-5\admin-backend\src\main\java\com\office\admin\service\LeaveApplicationService.java", "Java", 0, 0, 0, 0, 0, 0, 0, 0, 0, 0, 0, 0, 11, 30, 6, 47
"d:\项目\综合课程设计\SOMS-5\admin-backend\src\main\java\com\office\admin\service\OrganizationService.java", "Java", 0, 0, 0, 0, 0, 0, 0, 0, 0, 0, 0, 0, 19, 42, 15, 76
"d:\项目\综合课程设计\SOMS-5\admin-backend\src\main\java\com\office\admin\service\TaskCommentService.java", "Java", 0, 0, 0, 0, 0, 0, 0, 0, 0, 0, 0, 0, 16, 21, 10, 47
"d:\项目\综合课程设计\SOMS-5\admin-backend\src\main\java\com\office\admin\service\TaskService.java", "Java", 0, 0, 0, 0, 0, 0, 0, 0, 0, 0, 0, 0, 30, 48, 19, 97
"d:\项目\综合课程设计\SOMS-5\admin-backend\src\main\java\com\office\admin\service\WorkflowEngineService.java", "Java", 0, 0, 0, 0, 0, 0, 0, 0, 0, 0, 0, 0, 19, 36, 14, 69
"d:\项目\综合课程设计\SOMS-5\admin-backend\src\main\java\com\office\admin\service\WorkflowInstanceService.java", "Java", 0, 0, 0, 0, 0, 0, 0, 0, 0, 0, 0, 0, 15, 47, 9, 71
"d:\项目\综合课程设计\SOMS-5\admin-backend\src\main\java\com\office\admin\service\WorkflowTemplateService.java", "Java", 0, 0, 0, 0, 0, 0, 0, 0, 0, 0, 0, 0, 16, 30, 12, 58
"d:\项目\综合课程设计\SOMS-5\admin-backend\src\main\java\com\office\admin\service\impl\CollaborativeDocumentServiceImpl.java", "Java", 0, 0, 0, 0, 0, 0, 0, 0, 0, 0, 0, 0, 231, 13, 51, 295
"d:\项目\综合课程设计\SOMS-5\admin-backend\src\main\java\com\office\admin\service\impl\DocumentServiceImpl.java", "Java", 0, 0, 0, 0, 0, 0, 0, 0, 0, 0, 0, 0, 147, 18, 33, 198
"d:\项目\综合课程设计\SOMS-5\admin-backend\src\main\java\com\office\admin\service\impl\LeaveApplicationServiceImpl.java", "Java", 0, 0, 0, 0, 0, 0, 0, 0, 0, 0, 0, 0, 218, 33, 42, 293
"d:\项目\综合课程设计\SOMS-5\admin-backend\src\main\java\com\office\admin\service\impl\OrganizationServiceImpl.java", "Java", 0, 0, 0, 0, 0, 0, 0, 0, 0, 0, 0, 0, 290, 83, 72, 445
"d:\项目\综合课程设计\SOMS-5\admin-backend\src\main\java\com\office\admin\service\impl\WorkflowEngineServiceImpl.java", "Java", 0, 0, 0, 0, 0, 0, 0, 0, 0, 0, 0, 0, 385, 48, 90, 523
"d:\项目\综合课程设计\SOMS-5\admin-backend\src\main\java\com\office\admin\service\impl\WorkflowInstanceServiceImpl.java", "Java", 0, 0, 0, 0, 0, 0, 0, 0, 0, 0, 0, 0, 296, 65, 68, 429
"d:\项目\综合课程设计\SOMS-5\admin-backend\src\main\java\com\office\admin\service\impl\WorkflowTemplateServiceImpl.java", "Java", 0, 0, 0, 0, 0, 0, 0, 0, 0, 0, 0, 0, 200, 20, 43, 263
"d:\项目\综合课程设计\SOMS-5\admin-backend\src\main\java\com\office\admin\util\JwtUtil.java", "Java", 0, 0, 0, 0, 0, 0, 0, 0, 0, 0, 0, 0, 58, 25, 14, 97
"d:\项目\综合课程设计\SOMS-5\admin-backend\src\main\java\com\office\admin\websocket\CollaborationWebSocketHandler.java", "Java", 0, 0, 0, 0, 0, 0, 0, 0, 0, 0, 0, 0, 163, 23, 36, 222
"d:\项目\综合课程设计\SOMS-5\admin-backend\src\main\resources\application.yml", "YAML", 0, 0, 0, 0, 0, 0, 0, 0, 0, 44, 0, 0, 0, 3, 8, 55
"d:\项目\综合课程设计\SOMS-5\admin-backend\src\main\resources\mapper\DocumentMapper.xml", "XML", 0, 0, 0, 0, 15, 0, 0, 0, 0, 0, 0, 0, 0, 1, 2, 18
"d:\项目\综合课程设计\SOMS-5\admin-backend\target\classes\application.yml", "YAML", 0, 0, 0, 0, 0, 0, 0, 0, 0, 44, 0, 0, 0, 3, 8, 55
"d:\项目\综合课程设计\SOMS-5\admin-backend\target\classes\com\office\admin\AdminBackendApplication.class", "Java", 0, 0, 0, 0, 0, 0, 0, 0, 0, 0, 0, 0, 7, 0, 0, 7
"d:\项目\综合课程设计\SOMS-5\admin-backend\target\classes\com\office\admin\common\BusinessException.class", "Java", 0, 0, 0, 0, 0, 0, 0, 0, 0, 0, 0, 0, 13, 0, 0, 13
"d:\项目\综合课程设计\SOMS-5\admin-backend\target\classes\com\office\admin\common\GlobalExceptionHandler.class", "Java", 0, 0, 0, 0, 0, 0, 0, 0, 0, 0, 0, 0, 28, 0, 0, 28
"d:\项目\综合课程设计\SOMS-5\admin-backend\target\classes\com\office\admin\common\Result.class", "Java", 0, 0, 0, 0, 0, 0, 0, 0, 0, 0, 0, 0, 26, 0, 0, 26
"d:\项目\综合课程设计\SOMS-5\admin-backend\target\classes\com\office\admin\config\CorsConfig.class", "Java", 0, 0, 0, 0, 0, 0, 0, 0, 0, 0, 0, 0, 12, 6, 0, 18
"d:\项目\综合课程设计\SOMS-5\admin-backend\target\classes\com\office\admin\config\JwtAuthenticationFilter.class", "Java", 0, 0, 0, 0, 0, 0, 0, 0, 0, 0, 0, 0, 38, 0, 0, 38
"d:\项目\综合课程设计\SOMS-5\admin-backend\target\classes\com\office\admin\config\MybatisPlusConfig.class", "Java", 0, 0, 0, 0, 0, 0, 0, 0, 0, 0, 0, 0, 20, 0, 0, 20
"d:\项目\综合课程设计\SOMS-5\admin-backend\target\classes\com\office\admin\config\SecurityConfig.class", "Java", 0, 0, 0, 0, 0, 0, 0, 0, 0, 0, 0, 0, 12, 28, 0, 40
"d:\项目\综合课程设计\SOMS-5\admin-backend\target\classes\com\office\admin\config\SwaggerConfig.class", "Java", 0, 0, 0, 0, 0, 0, 0, 0, 0, 0, 0, 0, 27, 0, 0, 27
"d:\项目\综合课程设计\SOMS-5\admin-backend\target\classes\com\office\admin\config\WebSocketConfig.class", "Java", 0, 0, 0, 0, 0, 0, 0, 0, 0, 0, 0, 0, 11, 0, 0, 11
"d:\项目\综合课程设计\SOMS-5\admin-backend\target\classes\com\office\admin\controller\AnnouncementController.class", "Java", 0, 0, 0, 0, 0, 0, 0, 0, 0, 0, 0, 0, 8, 0, 0, 8
"d:\项目\综合课程设计\SOMS-5\admin-backend\target\classes\com\office\admin\controller\AuthController.class", "Java", 0, 0, 0, 0, 0, 0, 0, 0, 0, 0, 0, 0, 38, 0, 0, 38
"d:\项目\综合课程设计\SOMS-5\admin-backend\target\classes\com\office\admin\controller\CollaborativeDocumentController.class", "Java", 0, 0, 0, 0, 0, 0, 0, 0, 0, 0, 0, 0, 40, 0, 0, 40
"d:\项目\综合课程设计\SOMS-5\admin-backend\target\classes\com\office\admin\controller\DashboardController.class", "Java", 0, 0, 0, 0, 0, 0, 0, 0, 0, 0, 0, 0, 97, 0, 0, 97
"d:\项目\综合课程设计\SOMS-5\admin-backend\target\classes\com\office\admin\controller\DepartmentController.class", "Java", 0, 0, 0, 0, 0, 0, 0, 0, 0, 0, 0, 0, 35, 0, 0, 35
"d:\项目\综合课程设计\SOMS-5\admin-backend\target\classes\com\office\admin\controller\DocumentController.class", "Java", 0, 0, 0, 0, 0, 0, 0, 0, 0, 0, 0, 0, 97, 0, 0, 97
"d:\项目\综合课程设计\SOMS-5\admin-backend\target\classes\com\office\admin\controller\EmployeeManagementController.class", "Java", 0, 0, 0, 0, 0, 0, 0, 0, 0, 0, 0, 0, 33, 0, 0, 33
"d:\项目\综合课程设计\SOMS-5\admin-backend\target\classes\com\office\admin\controller\LeaveApplicationController$SubmitLeaveRequest.class", "Java", 0, 0, 0, 0, 0, 0, 0, 0, 0, 0, 0, 0, 16, 0, 0, 16
"d:\项目\综合课程设计\SOMS-5\admin-backend\target\classes\com\office\admin\controller\LeaveApplicationController$WithdrawRequest.class", "Java", 0, 0, 0, 0, 0, 0, 0, 0, 0, 0, 0, 0, 8, 0, 0, 8
"d:\项目\综合课程设计\SOMS-5\admin-backend\target\classes\com\office\admin\controller\LeaveApplicationController$WorkflowCallbackRequest.class", "Java", 0, 0, 0, 0, 0, 0, 0, 0, 0, 0, 0, 0, 14, 0, 0, 14
"d:\项目\综合课程设计\SOMS-5\admin-backend\target\classes\com\office\admin\controller\LeaveApplicationController.class", "Java", 0, 0, 0, 0, 0, 0, 0, 0, 0, 0, 0, 0, 47, 0, 0, 47
"d:\项目\综合课程设计\SOMS-5\admin-backend\target\classes\com\office\admin\controller\MessageController$SystemMessage.class", "Java", 0, 0, 0, 0, 0, 0, 0, 0, 0, 0, 0, 0, 18, 0, 0, 18
"d:\项目\综合课程设计\SOMS-5\admin-backend\target\classes\com\office\admin\controller\MessageController.class", "Java", 0, 0, 0, 0, 0, 0, 0, 0, 0, 0, 0, 0, 26, 0, 0, 26
"d:\项目\综合课程设计\SOMS-5\admin-backend\target\classes\com\office\admin\controller\OrganizationController.class", "Java", 0, 0, 0, 0, 0, 0, 0, 0, 0, 0, 0, 0, 29, 0, 0, 29
"d:\项目\综合课程设计\SOMS-5\admin-backend\target\classes\com\office\admin\controller\RoleController$RoleRequest.class", "Java", 0, 0, 0, 0, 0, 0, 0, 0, 0, 0, 0, 0, 10, 0, 0, 10
"d:\项目\综合课程设计\SOMS-5\admin-backend\target\classes\com\office\admin\controller\RoleController.class", "Java", 0, 0, 0, 0, 0, 0, 0, 0, 0, 0, 0, 0, 92, 0, 0, 92
"d:\项目\综合课程设计\SOMS-5\admin-backend\target\classes\com\office\admin\controller\TaskController.class", "Java", 0, 0, 0, 0, 0, 0, 0, 0, 0, 0, 0, 0, 38, 0, 0, 38
"d:\项目\综合课程设计\SOMS-5\admin-backend\target\classes\com\office\admin\controller\WorkflowEngineController.class", "Java", 0, 0, 0, 0, 0, 0, 0, 0, 0, 0, 0, 0, 67, 0, 0, 67
"d:\项目\综合课程设计\SOMS-5\admin-backend\target\classes\com\office\admin\controller\WorkflowInstanceController$ProcessTaskRequest.class", "Java", 0, 0, 0, 0, 0, 0, 0, 0, 0, 0, 0, 0, 11, 0, 0, 11
"d:\项目\综合课程设计\SOMS-5\admin-backend\target\classes\com\office\admin\controller\WorkflowInstanceController$StartWorkflowRequest.class", "Java", 0, 0, 0, 0, 0, 0, 0, 0, 0, 0, 0, 0, 21, 0, 0, 21
"d:\项目\综合课程设计\SOMS-5\admin-backend\target\classes\com\office\admin\controller\WorkflowInstanceController$WithdrawRequest.class", "Java", 0, 0, 0, 0, 0, 0, 0, 0, 0, 0, 0, 0, 8, 0, 0, 8
"d:\项目\综合课程设计\SOMS-5\admin-backend\target\classes\com\office\admin\controller\WorkflowInstanceController.class", "Java", 0, 0, 0, 0, 0, 0, 0, 0, 0, 0, 0, 0, 45, 0, 0, 45
"d:\项目\综合课程设计\SOMS-5\admin-backend\target\classes\com\office\admin\controller\WorkflowTemplateController.class", "Java", 0, 0, 0, 0, 0, 0, 0, 0, 0, 0, 0, 0, 55, 0, 0, 55
"d:\项目\综合课程设计\SOMS-5\admin-backend\target\classes\com\office\admin\dto\DocumentProcessRequest.class", "Java", 0, 0, 0, 0, 0, 0, 0, 0, 0, 0, 0, 0, 47, 0, 0, 47
"d:\项目\综合课程设计\SOMS-5\admin-backend\target\classes\com\office\admin\dto\LoginRequest.class", "Java", 0, 0, 0, 0, 0, 0, 0, 0, 0, 0, 0, 0, 13, 0, 0, 13
"d:\项目\综合课程设计\SOMS-5\admin-backend\target\classes\com\office\admin\dto\LoginResponse$AdminUserInfo.class", "Java", 0, 0, 0, 0, 0, 0, 0, 0, 0, 0, 0, 0, 34, 0, 0, 34
"d:\项目\综合课程设计\SOMS-5\admin-backend\target\classes\com\office\admin\dto\LoginResponse.class", "Java", 0, 0, 0, 0, 0, 0, 0, 0, 0, 0, 0, 0, 11, 0, 0, 11
"d:\项目\综合课程设计\SOMS-5\admin-backend\target\classes\com\office\admin\dto\StartWorkflowRequest.class", "Java", 0, 0, 0, 0, 0, 0, 0, 0, 0, 0, 0, 0, 94, 0, 0, 94
"d:\项目\综合课程设计\SOMS-5\admin-backend\target\classes\com\office\admin\dto\TaskCommentRequest.class", "Java", 0, 0, 0, 0, 0, 0, 0, 0, 0, 0, 0, 0, 40, 0, 0, 40
"d:\项目\综合课程设计\SOMS-5\admin-backend\target\classes\com\office\admin\dto\TaskCreateRequest.class", "Java", 0, 0, 0, 0, 0, 0, 0, 0, 0, 0, 0, 0, 70, 0, 0, 70
"d:\项目\综合课程设计\SOMS-5\admin-backend\target\classes\com\office\admin\dto\TaskQueryRequest.class", "Java", 0, 0, 0, 0, 0, 0, 0, 0, 0, 0, 0, 0, 71, 0, 0, 71
"d:\项目\综合课程设计\SOMS-5\admin-backend\target\classes\com\office\admin\dto\TaskUpdateRequest.class", "Java", 0, 0, 0, 0, 0, 0, 0, 0, 0, 0, 0, 0, 77, 0, 0, 77
"d:\项目\综合课程设计\SOMS-5\admin-backend\target\classes\com\office\admin\dto\WorkflowTaskRequest.class", "Java", 0, 0, 0, 0, 0, 0, 0, 0, 0, 0, 0, 0, 34, 1, 0, 35
"d:\项目\综合课程设计\SOMS-5\admin-backend\target\classes\com\office\admin\dto\WorkflowTemplateRequest$WorkflowConditionRequest.class", "Java", 0, 0, 0, 0, 0, 0, 0, 0, 0, 0, 0, 0, 64, 0, 0, 64
"d:\项目\综合课程设计\SOMS-5\admin-backend\target\classes\com\office\admin\dto\WorkflowTemplateRequest$WorkflowNodeRequest.class", "Java", 0, 0, 0, 0, 0, 0, 0, 0, 0, 0, 0, 0, 137, 0, 0, 137
"d:\项目\综合课程设计\SOMS-5\admin-backend\target\classes\com\office\admin\dto\WorkflowTemplateRequest.class", "Java", 0, 0, 0, 0, 0, 0, 0, 0, 0, 0, 0, 0, 140, 0, 0, 140
"d:\项目\综合课程设计\SOMS-5\admin-backend\target\classes\com\office\admin\entity\Announcement.class", "Java", 0, 0, 0, 0, 0, 0, 0, 0, 0, 0, 0, 0, 30, 0, 0, 30
"d:\项目\综合课程设计\SOMS-5\admin-backend\target\classes\com\office\admin\entity\AttendanceRecord.class", "Java", 0, 0, 0, 0, 0, 0, 0, 0, 0, 0, 0, 0, 29, 0, 0, 29
"d:\项目\综合课程设计\SOMS-5\admin-backend\target\classes\com\office\admin\entity\CollaborativeDocument.class", "Java", 0, 0, 0, 0, 0, 0, 0, 0, 0, 0, 0, 0, 89, 0, 0, 89
"d:\项目\综合课程设计\SOMS-5\admin-backend\target\classes\com\office\admin\entity\CollaborativeOperation.class", "Java", 0, 0, 0, 0, 0, 0, 0, 0, 0, 0, 0, 0, 58, 0, 0, 58
"d:\项目\综合课程设计\SOMS-5\admin-backend\target\classes\com\office\admin\entity\CollaborativeSession.class", "Java", 0, 0, 0, 0, 0, 0, 0, 0, 0, 0, 0, 0, 78, 0, 0, 78
"d:\项目\综合课程设计\SOMS-5\admin-backend\target\classes\com\office\admin\entity\Department.class", "Java", 0, 0, 0, 0, 0, 0, 0, 0, 0, 0, 0, 0, 33, 0, 0, 33
"d:\项目\综合课程设计\SOMS-5\admin-backend\target\classes\com\office\admin\entity\Document.class", "Java", 0, 0, 0, 0, 0, 0, 0, 0, 0, 0, 0, 0, 99, 0, 0, 99
"d:\项目\综合课程设计\SOMS-5\admin-backend\target\classes\com\office\admin\entity\Employee.class", "Java", 0, 0, 0, 0, 0, 0, 0, 0, 0, 0, 0, 0, 35, 0, 0, 35
"d:\项目\综合课程设计\SOMS-5\admin-backend\target\classes\com\office\admin\entity\LeaveApplication.class", "Java", 0, 0, 0, 0, 0, 0, 0, 0, 0, 0, 0, 0, 43, 0, 0, 43
"d:\项目\综合课程设计\SOMS-5\admin-backend\target\classes\com\office\admin\entity\Role.class", "Java", 0, 0, 0, 0, 0, 0, 0, 0, 0, 0, 0, 0, 23, 0, 0, 23
"d:\项目\综合课程设计\SOMS-5\admin-backend\target\classes\com\office\admin\entity\Task.class", "Java", 0, 0, 0, 0, 0, 0, 0, 0, 0, 0, 0, 0, 120, 0, 0, 120
"d:\项目\综合课程设计\SOMS-5\admin-backend\target\classes\com\office\admin\entity\TaskComment.class", "Java", 0, 0, 0, 0, 0, 0, 0, 0, 0, 0, 0, 0, 86, 0, 0, 86
"d:\项目\综合课程设计\SOMS-5\admin-backend\target\classes\com\office\admin\entity\User.class", "Java", 0, 0, 0, 0, 0, 0, 0, 0, 0, 0, 0, 0, 30, 0, 0, 30
"d:\项目\综合课程设计\SOMS-5\admin-backend\target\classes\com\office\admin\entity\WorkflowCondition.class", "Java", 0, 0, 0, 0, 0, 0, 0, 0, 0, 0, 0, 0, 81, 0, 0, 81
"d:\项目\综合课程设计\SOMS-5\admin-backend\target\classes\com\office\admin\entity\WorkflowHistory.class", "Java", 0, 0, 0, 0, 0, 0, 0, 0, 0, 0, 0, 0, 86, 0, 0, 86
"d:\项目\综合课程设计\SOMS-5\admin-backend\target\classes\com\office\admin\entity\WorkflowInstance.class", "Java", 0, 0, 0, 0, 0, 0, 0, 0, 0, 0, 0, 0, 133, 0, 0, 133
"d:\项目\综合课程设计\SOMS-5\admin-backend\target\classes\com\office\admin\entity\WorkflowNode.class", "Java", 0, 0, 0, 0, 0, 0, 0, 0, 0, 0, 0, 0, 93, 0, 0, 93
"d:\项目\综合课程设计\SOMS-5\admin-backend\target\classes\com\office\admin\entity\WorkflowTask.class", "Java", 0, 0, 0, 0, 0, 0, 0, 0, 0, 0, 0, 0, 113, 0, 0, 113
"d:\项目\综合课程设计\SOMS-5\admin-backend\target\classes\com\office\admin\entity\WorkflowTemplate.class", "Java", 0, 0, 0, 0, 0, 0, 0, 0, 0, 0, 0, 0, 115, 0, 0, 115
"d:\项目\综合课程设计\SOMS-5\admin-backend\target\classes\com\office\admin\mapper\AnnouncementMapper.class", "Java", 0, 0, 0, 0, 0, 0, 0, 0, 0, 0, 0, 0, 18, 0, 0, 18
"d:\项目\综合课程设计\SOMS-5\admin-backend\target\classes\com\office\admin\mapper\AttendanceRecordMapper.class", "Java", 0, 0, 0, 0, 0, 0, 0, 0, 0, 0, 0, 0, 12, 0, 0, 12
"d:\项目\综合课程设计\SOMS-5\admin-backend\target\classes\com\office\admin\mapper\CollaborativeDocumentMapper.class", "Java", 0, 0, 0, 0, 0, 0, 0, 0, 0, 0, 0, 0, 6, 0, 0, 6
"d:\项目\综合课程设计\SOMS-5\admin-backend\target\classes\com\office\admin\mapper\DepartmentMapper.class", "Java", 0, 0, 0, 0, 0, 0, 0, 0, 0, 0, 0, 0, 22, 0, 0, 22
"d:\项目\综合课程设计\SOMS-5\admin-backend\target\classes\com\office\admin\mapper\DocumentMapper.class", "Java", 0, 0, 0, 0, 0, 0, 0, 0, 0, 0, 0, 0, 5, 0, 0, 5
"d:\项目\综合课程设计\SOMS-5\admin-backend\target\classes\com\office\admin\mapper\EmployeeMapper.class", "Java", 0, 0, 0, 0, 0, 0, 0, 0, 0, 0, 0, 0, 20, 0, 0, 20
"d:\项目\综合课程设计\SOMS-5\admin-backend\target\classes\com\office\admin\mapper\LeaveApplicationMapper.class", "Java", 0, 0, 0, 0, 0, 0, 0, 0, 0, 0, 0, 0, 13, 0, 0, 13
"d:\项目\综合课程设计\SOMS-5\admin-backend\target\classes\com\office\admin\mapper\RoleMapper.class", "Java", 0, 0, 0, 0, 0, 0, 0, 0, 0, 0, 0, 0, 32, 0, 0, 32
"d:\项目\综合课程设计\SOMS-5\admin-backend\target\classes\com\office\admin\mapper\TaskCommentMapper.class", "Java", 0, 0, 0, 0, 0, 0, 0, 0, 0, 0, 0, 0, 6, 0, 0, 6
"d:\项目\综合课程设计\SOMS-5\admin-backend\target\classes\com\office\admin\mapper\TaskMapper.class", "Java", 0, 0, 0, 0, 0, 0, 0, 0, 0, 0, 0, 0, 6, 0, 0, 6
"d:\项目\综合课程设计\SOMS-5\admin-backend\target\classes\com\office\admin\mapper\UserMapper.class", "Java", 0, 0, 0, 0, 0, 0, 0, 0, 0, 0, 0, 0, 25, 0, 0, 25
"d:\项目\综合课程设计\SOMS-5\admin-backend\target\classes\com\office\admin\mapper\WorkflowConditionMapper.class", "Java", 0, 0, 0, 0, 0, 0, 0, 0, 0, 0, 0, 0, 8, 0, 0, 8
"d:\项目\综合课程设计\SOMS-5\admin-backend\target\classes\com\office\admin\mapper\WorkflowHistoryMapper.class", "Java", 0, 0, 0, 0, 0, 0, 0, 0, 0, 0, 0, 0, 13, 0, 0, 13
"d:\项目\综合课程设计\SOMS-5\admin-backend\target\classes\com\office\admin\mapper\WorkflowInstanceMapper.class", "Java", 0, 0, 0, 0, 0, 0, 0, 0, 0, 0, 0, 0, 10, 0, 0, 10
"d:\项目\综合课程设计\SOMS-5\admin-backend\target\classes\com\office\admin\mapper\WorkflowNodeMapper.class", "Java", 0, 0, 0, 0, 0, 0, 0, 0, 0, 0, 0, 0, 6, 0, 0, 6
"d:\项目\综合课程设计\SOMS-5\admin-backend\target\classes\com\office\admin\mapper\WorkflowTaskMapper.class", "Java", 0, 0, 0, 0, 0, 0, 0, 0, 0, 0, 0, 0, 15, 0, 0, 15
"d:\项目\综合课程设计\SOMS-5\admin-backend\target\classes\com\office\admin\mapper\WorkflowTemplateMapper.class", "Java", 0, 0, 0, 0, 0, 0, 0, 0, 0, 0, 0, 0, 11, 0, 0, 11
"d:\项目\综合课程设计\SOMS-5\admin-backend\target\classes\com\office\admin\service\AuthService.class", "Java", 0, 0, 0, 0, 0, 0, 0, 0, 0, 0, 0, 0, 69, 0, 0, 69
"d:\项目\综合课程设计\SOMS-5\admin-backend\target\classes\com\office\admin\service\CollaborativeDocumentService.class", "Java", 0, 0, 0, 0, 0, 0, 0, 0, 0, 0, 0, 0, 20, 0, 0, 20
"d:\项目\综合课程设计\SOMS-5\admin-backend\target\classes\com\office\admin\service\DocumentService.class", "Java", 0, 0, 0, 0, 0, 0, 0, 0, 0, 0, 0, 0, 17, 0, 0, 17
"d:\项目\综合课程设计\SOMS-5\admin-backend\target\classes\com\office\admin\service\EmployeeManagementService$EmployeeCreateRequest.class", "Java", 0, 0, 0, 0, 0, 0, 0, 0, 0, 0, 0, 0, 24, 0, 0, 24
"d:\项目\综合课程设计\SOMS-5\admin-backend\target\classes\com\office\admin\service\EmployeeManagementService$EmployeeUpdateRequest.class", "Java", 0, 0, 0, 0, 0, 0, 0, 0, 0, 0, 0, 0, 21, 0, 0, 21
"d:\项目\综合课程设计\SOMS-5\admin-backend\target\classes\com\office\admin\service\EmployeeManagementService.class", "Java", 0, 0, 0, 0, 0, 0, 0, 0, 0, 0, 0, 0, 82, 0, 0, 82
"d:\项目\综合课程设计\SOMS-5\admin-backend\target\classes\com\office\admin\service\LeaveApplicationService.class", "Java", 0, 0, 0, 0, 0, 0, 0, 0, 0, 0, 0, 0, 8, 0, 0, 8
"d:\项目\综合课程设计\SOMS-5\admin-backend\target\classes\com\office\admin\service\OrganizationService.class", "Java", 0, 0, 0, 0, 0, 0, 0, 0, 0, 0, 0, 0, 7, 0, 0, 7
"d:\项目\综合课程设计\SOMS-5\admin-backend\target\classes\com\office\admin\service\TaskCommentService.class", "Java", 0, 0, 0, 0, 0, 0, 0, 0, 0, 0, 0, 0, 10, 0, 0, 10
"d:\项目\综合课程设计\SOMS-5\admin-backend\target\classes\com\office\admin\service\TaskService.class", "Java", 0, 0, 0, 0, 0, 0, 0, 0, 0, 0, 0, 0, 18, 0, 0, 18
"d:\项目\综合课程设计\SOMS-5\admin-backend\target\classes\com\office\admin\service\WorkflowEngineService.class", "Java", 0, 0, 0, 0, 0, 0, 0, 0, 0, 0, 0, 0, 11, 0, 0, 11
"d:\项目\综合课程设计\SOMS-5\admin-backend\target\classes\com\office\admin\service\WorkflowInstanceService.class", "Java", 0, 0, 0, 0, 0, 0, 0, 0, 0, 0, 0, 0, 8, 0, 0, 8
"d:\项目\综合课程设计\SOMS-5\admin-backend\target\classes\com\office\admin\service\WorkflowTemplateService.class", "Java", 0, 0, 0, 0, 0, 0, 0, 0, 0, 0, 0, 0, 7, 0, 0, 7
"d:\项目\综合课程设计\SOMS-5\admin-backend\target\classes\com\office\admin\service\impl\CollaborativeDocumentServiceImpl.class", "Java", 0, 0, 0, 0, 0, 0, 0, 0, 0, 0, 0, 0, 90, 38, 0, 128
"d:\项目\综合课程设计\SOMS-5\admin-backend\target\classes\com\office\admin\service\impl\DocumentServiceImpl.class", "Java", 0, 0, 0, 0, 0, 0, 0, 0, 0, 0, 0, 0, 147, 0, 0, 147
"d:\项目\综合课程设计\SOMS-5\admin-backend\target\classes\com\office\admin\service\impl\LeaveApplicationServiceImpl$LeaveApplicationDetail.class", "Java", 0, 0, 0, 0, 0, 0, 0, 0, 0, 0, 0, 0, 8, 0, 0, 8
"d:\项目\综合课程设计\SOMS-5\admin-backend\target\classes\com\office\admin\service\impl\LeaveApplicationServiceImpl$LeaveApplicationRequest.class", "Java", 0, 0, 0, 0, 0, 0, 0, 0, 0, 0, 0, 0, 12, 0, 0, 12
"d:\项目\综合课程设计\SOMS-5\admin-backend\target\classes\com\office\admin\service\impl\LeaveApplicationServiceImpl.class", "Java", 0, 0, 0, 0, 0, 0, 0, 0, 0, 0, 0, 0, 131, 0, 0, 131
"d:\项目\综合课程设计\SOMS-5\admin-backend\target\classes\com\office\admin\service\impl\OrganizationServiceImpl.class", "Java", 0, 0, 0, 0, 0, 0, 0, 0, 0, 0, 0, 0, 119, 0, 0, 119
"d:\项目\综合课程设计\SOMS-5\admin-backend\target\classes\com\office\admin\service\impl\WorkflowEngineServiceImpl.class", "Java", 0, 0, 0, 0, 0, 0, 0, 0, 0, 0, 0, 0, 261, 0, 0, 261
"d:\项目\综合课程设计\SOMS-5\admin-backend\target\classes\com\office\admin\service\impl\WorkflowInstanceServiceImpl.class", "Java", 0, 0, 0, 0, 0, 0, 0, 0, 0, 0, 0, 0, 177, 15, 1, 193
"d:\项目\综合课程设计\SOMS-5\admin-backend\target\classes\com\office\admin\service\impl\WorkflowTemplateServiceImpl.class", "Java", 0, 0, 0, 0, 0, 0, 0, 0, 0, 0, 0, 0, 108, 0, 0, 108
"d:\项目\综合课程设计\SOMS-5\admin-backend\target\classes\com\office\admin\util\JwtUtil.class", "Java", 0, 0, 0, 0, 0, 0, 0, 0, 0, 0, 0, 0, 32, 0, 0, 32
"d:\项目\综合课程设计\SOMS-5\admin-backend\target\classes\com\office\admin\websocket\CollaborationWebSocketHandler.class", "Java", 0, 0, 0, 0, 0, 0, 0, 0, 0, 0, 0, 0, 69, 0, 0, 69
"d:\项目\综合课程设计\SOMS-5\admin-backend\target\classes\mapper\DocumentMapper.xml", "XML", 0, 0, 0, 0, 15, 0, 0, 0, 0, 0, 0, 0, 0, 1, 2, 18
"d:\项目\综合课程设计\SOMS-5\admin-frontend\index.html", "HTML", 0, 0, 0, 0, 0, 0, 0, 0, 13, 0, 0, 0, 0, 0, 0, 13
"d:\项目\综合课程设计\SOMS-5\admin-frontend\package-lock.json", "JSON", 0, 0, 0, 0, 0, 2662, 0, 0, 0, 0, 0, 0, 0, 0, 1, 2663
"d:\项目\综合课程设计\SOMS-5\admin-frontend\package.json", "JSON", 0, 0, 0, 0, 0, 28, 0, 0, 0, 0, 0, 0, 0, 0, 0, 28
"d:\项目\综合课程设计\SOMS-5\admin-frontend\src\App.vue", "vue", 0, 0, 0, 0, 0, 0, 0, 0, 0, 0, 15, 0, 0, 0, 2, 17
"d:\项目\综合课程设计\SOMS-5\admin-frontend\src\api\attendance.js", "JavaScript", 0, 0, 0, 0, 0, 0, 96, 0, 0, 0, 0, 0, 0, 13, 13, 122
"d:\项目\综合课程设计\SOMS-5\admin-frontend\src\api\attendanceStats.js", "JavaScript", 0, 0, 0, 0, 0, 0, 25, 0, 0, 0, 0, 0, 0, 3, 3, 31
"d:\项目\综合课程设计\SOMS-5\admin-frontend\src\api\auth.js", "JavaScript", 0, 0, 0, 0, 0, 0, 34, 0, 0, 0, 0, 0, 0, 5, 5, 44
"d:\项目\综合课程设计\SOMS-5\admin-frontend\src\api\dashboard.js", "JavaScript", 0, 0, 0, 0, 0, 0, 43, 0, 0, 0, 0, 0, 0, 6, 6, 55
"d:\项目\综合课程设计\SOMS-5\admin-frontend\src\api\employee.js", "JavaScript", 0, 0, 0, 0, 0, 0, 113, 0, 0, 0, 0, 0, 0, 18, 17, 148
"d:\项目\综合课程设计\SOMS-5\admin-frontend\src\api\leaveManage.js", "JavaScript", 0, 0, 0, 0, 0, 0, 64, 0, 0, 0, 0, 0, 0, 8, 8, 80
"d:\项目\综合课程设计\SOMS-5\admin-frontend\src\api\organization.js", "JavaScript", 0, 0, 0, 0, 0, 0, 41, 0, 0, 0, 0, 0, 0, 6, 6, 53
"d:\项目\综合课程设计\SOMS-5\admin-frontend\src\api\role.js", "JavaScript", 0, 0, 0, 0, 0, 0, 69, 0, 0, 0, 0, 0, 0, 10, 10, 89
"d:\项目\综合课程设计\SOMS-5\admin-frontend\src\api\workflow.js", "JavaScript", 0, 0, 0, 0, 0, 0, 212, 0, 0, 0, 0, 0, 0, 92, 29, 333
"d:\项目\综合课程设计\SOMS-5\admin-frontend\src\components\EnhancedBreadcrumb.vue", "vue", 0, 0, 0, 0, 0, 0, 0, 0, 0, 0, 457, 0, 0, 6, 64, 527
"d:\项目\综合课程设计\SOMS-5\admin-frontend\src\components\FavoriteManager.vue", "vue", 0, 0, 0, 0, 0, 0, 0, 0, 0, 0, 495, 0, 0, 4, 70, 569
"d:\项目\综合课程设计\SOMS-5\admin-frontend\src\components\LanguageSwitcher.vue", "vue", 0, 0, 0, 0, 0, 0, 0, 0, 0, 0, 223, 0, 0, 0, 38, 261
"d:\项目\综合课程设计\SOMS-5\admin-frontend\src\components\workflow\NodeConfigDialog.vue", "vue", 0, 0, 0, 0, 0, 0, 0, 0, 0, 0, 443, 0, 0, 4, 42, 489
"d:\项目\综合课程设计\SOMS-5\admin-frontend\src\components\workflow\StartWorkflowDialog.vue", "vue", 0, 0, 0, 0, 0, 0, 0, 0, 0, 0, 213, 0, 0, 0, 24, 237
"d:\项目\综合课程设计\SOMS-5\admin-frontend\src\components\workflow\WorkflowDesigner.vue", "vue", 0, 0, 0, 0, 0, 0, 0, 0, 0, 0, 627, 0, 0, 9, 84, 720
"d:\项目\综合课程设计\SOMS-5\admin-frontend\src\i18n\index.js", "JavaScript", 0, 0, 0, 0, 0, 0, 45, 0, 0, 0, 0, 0, 0, 15, 12, 72
"d:\项目\综合课程设计\SOMS-5\admin-frontend\src\i18n\locales\en-US.js", "JavaScript", 0, 0, 0, 0, 0, 0, 342, 0, 0, 0, 0, 0, 0, 17, 17, 376
"d:\项目\综合课程设计\SOMS-5\admin-frontend\src\i18n\locales\zh-CN.js", "JavaScript", 0, 0, 0, 0, 0, 0, 342, 0, 0, 0, 0, 0, 0, 17, 17, 376
"d:\项目\综合课程设计\SOMS-5\admin-frontend\src\layout\Layout.vue", "vue", 0, 0, 0, 0, 0, 0, 0, 0, 0, 0, 583, 0, 0, 9, 97, 689
"d:\项目\综合课程设计\SOMS-5\admin-frontend\src\main.js", "JavaScript", 0, 0, 0, 0, 0, 0, 16, 0, 0, 0, 0, 0, 0, 2, 4, 22
"d:\项目\综合课程设计\SOMS-5\admin-frontend\src\router\index.js", "JavaScript", 0, 0, 0, 0, 0, 0, 194, 0, 0, 0, 0, 0, 0, 14, 9, 217
"d:\项目\综合课程设计\SOMS-5\admin-frontend\src\stores\breadcrumb.js", "JavaScript", 0, 0, 0, 0, 0, 0, 190, 0, 0, 0, 0, 0, 0, 67, 46, 303
"d:\项目\综合课程设计\SOMS-5\admin-frontend\src\stores\language.js", "JavaScript", 0, 0, 0, 0, 0, 0, 154, 0, 0, 0, 0, 0, 0, 66, 39, 259
"d:\项目\综合课程设计\SOMS-5\admin-frontend\src\stores\user.js", "JavaScript", 0, 0, 0, 0, 0, 0, 107, 0, 0, 0, 0, 0, 0, 13, 13, 133
"d:\项目\综合课程设计\SOMS-5\admin-frontend\src\style\index.css", "PostCSS", 0, 0, 0, 0, 0, 0, 0, 0, 0, 0, 0, 89, 0, 10, 16, 115
"d:\项目\综合课程设计\SOMS-5\admin-frontend\src\utils\debounce.js", "JavaScript", 0, 0, 0, 0, 0, 0, 67, 0, 0, 0, 0, 0, 0, 31, 15, 113
"d:\项目\综合课程设计\SOMS-5\admin-frontend\src\utils\request.js", "JavaScript", 0, 0, 0, 0, 0, 0, 41, 0, 0, 0, 0, 0, 0, 3, 4, 48
"d:\项目\综合课程设计\SOMS-5\admin-frontend\src\views\announcements\Announcements.vue", "vue", 0, 0, 0, 0, 0, 0, 0, 0, 0, 0, 207, 0, 0, 1, 20, 228
"d:\项目\综合课程设计\SOMS-5\admin-frontend\src\views\announcements\AnnouncementsManage.vue", "vue", 0, 0, 0, 0, 0, 0, 0, 0, 0, 0, 440, 0, 0, 6, 46, 492
"d:\项目\综合课程设计\SOMS-5\admin-frontend\src\views\attendance\AttendanceManage.vue", "vue", 0, 0, 0, 0, 0, 0, 0, 0, 0, 0, 500, 0, 0, 7, 48, 555
"d:\项目\综合课程设计\SOMS-5\admin-frontend\src\views\attendance\AttendanceRecords.vue", "vue", 0, 0, 0, 0, 0, 0, 0, 0, 0, 0, 339, 0, 0, 5, 33, 377
"d:\项目\综合课程设计\SOMS-5\admin-frontend\src\views\attendance\AttendanceRules.vue", "vue", 0, 0, 0, 0, 0, 0, 0, 0, 0, 0, 295, 0, 0, 3, 25, 323
"d:\项目\综合课程设计\SOMS-5\admin-frontend\src\views\attendance\AttendanceStatistics.vue", "vue", 0, 0, 0, 0, 0, 0, 0, 0, 0, 0, 330, 0, 0, 5, 36, 371
"d:\项目\综合课程设计\SOMS-5\admin-frontend\src\views\auth\Login.vue", "vue", 0, 0, 0, 0, 0, 0, 0, 0, 0, 0, 521, 0, 0, 0, 79, 600
"d:\项目\综合课程设计\SOMS-5\admin-frontend\src\views\dashboard\Dashboard.vue", "vue", 0, 0, 0, 0, 0, 0, 0, 0, 0, 0, 790, 0, 0, 3, 70, 863
"d:\项目\综合课程设计\SOMS-5\admin-frontend\src\views\departments\Departments.vue", "vue", 0, 0, 0, 0, 0, 0, 0, 0, 0, 0, 360, 0, 0, 4, 34, 398
"d:\项目\综合课程设计\SOMS-5\admin-frontend\src\views\employees\Employees.vue", "vue", 0, 0, 0, 0, 0, 0, 0, 0, 0, 0, 419, 0, 0, 6, 37, 462
"d:\项目\综合课程设计\SOMS-5\admin-frontend\src\views\leave\LeaveApplications.vue", "vue", 0, 0, 0, 0, 0, 0, 0, 0, 0, 0, 582, 0, 0, 7, 58, 647
"d:\项目\综合课程设计\SOMS-5\admin-frontend\src\views\leave\LeaveApproval.vue", "vue", 0, 0, 0, 0, 0, 0, 0, 0, 0, 0, 516, 0, 0, 5, 61, 582
"d:\项目\综合课程设计\SOMS-5\admin-frontend\src\views\leave\LeaveManage.vue", "vue", 0, 0, 0, 0, 0, 0, 0, 0, 0, 0, 540, 0, 0, 7, 53, 600
"d:\项目\综合课程设计\SOMS-5\admin-frontend\src\views\leave\LeaveStatistics.vue", "vue", 0, 0, 0, 0, 0, 0, 0, 0, 0, 0, 189, 0, 0, 2, 28, 219
"d:\项目\综合课程设计\SOMS-5\admin-frontend\src\views\organization\OrganizationChart.vue", "vue", 0, 0, 0, 0, 0, 0, 0, 0, 0, 0, 473, 0, 0, 7, 64, 544
"d:\项目\综合课程设计\SOMS-5\admin-frontend\src\views\profile\Profile.vue", "vue", 0, 0, 0, 0, 0, 0, 0, 0, 0, 0, 606, 0, 0, 8, 74, 688
"d:\项目\综合课程设计\SOMS-5\admin-frontend\src\views\reports\Reports.vue", "vue", 0, 0, 0, 0, 0, 0, 0, 0, 0, 0, 592, 0, 0, 6, 58, 656
"d:\项目\综合课程设计\SOMS-5\admin-frontend\src\views\reports\ReportsAttendance.vue", "vue", 0, 0, 0, 0, 0, 0, 0, 0, 0, 0, 89, 0, 0, 0, 13, 102
"d:\项目\综合课程设计\SOMS-5\admin-frontend\src\views\reports\ReportsLeave.vue", "vue", 0, 0, 0, 0, 0, 0, 0, 0, 0, 0, 41, 0, 0, 0, 6, 47
"d:\项目\综合课程设计\SOMS-5\admin-frontend\src\views\reports\ReportsPerformance.vue", "vue", 0, 0, 0, 0, 0, 0, 0, 0, 0, 0, 41, 0, 0, 0, 6, 47
"d:\项目\综合课程设计\SOMS-5\admin-frontend\src\views\roles\Roles.vue", "vue", 0, 0, 0, 0, 0, 0, 0, 0, 0, 0, 387, 0, 0, 5, 48, 440
"d:\项目\综合课程设计\SOMS-5\admin-frontend\src\views\system\SystemBackup.vue", "vue", 0, 0, 0, 0, 0, 0, 0, 0, 0, 0, 93, 0, 0, 0, 12, 105
"d:\项目\综合课程设计\SOMS-5\admin-frontend\src\views\system\SystemConfig.vue", "vue", 0, 0, 0, 0, 0, 0, 0, 0, 0, 0, 72, 0, 0, 0, 9, 81
"d:\项目\综合课程设计\SOMS-5\admin-frontend\src\views\system\SystemLogs.vue", "vue", 0, 0, 0, 0, 0, 0, 0, 0, 0, 0, 64, 0, 0, 0, 8, 72
"d:\项目\综合课程设计\SOMS-5\admin-frontend\src\views\workflow\MyInitiated.vue", "vue", 0, 0, 0, 0, 0, 0, 0, 0, 0, 0, 818, 0, 0, 10, 107, 935
"d:\项目\综合课程设计\SOMS-5\admin-frontend\src\views\workflow\MyTasks.vue", "vue", 0, 0, 0, 0, 0, 0, 0, 0, 0, 0, 740, 0, 0, 7, 98, 845
"d:\项目\综合课程设计\SOMS-5\admin-frontend\src\views\workflow\WorkflowManagement.vue", "vue", 0, 0, 0, 0, 0, 0, 0, 0, 0, 0, 212, 0, 0, 5, 31, 248
"d:\项目\综合课程设计\SOMS-5\admin-frontend\src\views\workflow\WorkflowTemplateList.vue", "vue", 0, 0, 0, 0, 0, 0, 0, 0, 0, 0, 540, 0, 0, 5, 66, 611
"d:\项目\综合课程设计\SOMS-5\admin-frontend\src\views\workflow\components\WorkflowTemplateDialog.vue", "vue", 0, 0, 0, 0, 0, 0, 0, 0, 0, 0, 496, 0, 0, 2, 59, 557
"d:\项目\综合课程设计\SOMS-5\admin-frontend\vite.config.js", "JavaScript", 0, 0, 0, 0, 0, 0, 34, 0, 0, 0, 0, 0, 0, 0, 1, 35
"d:\项目\综合课程设计\SOMS-5\database\init.sql", "MS SQL", 0, 0, 697, 0, 0, 0, 0, 0, 0, 0, 0, 0, 0, 90, 67, 854
"d:\项目\综合课程设计\SOMS-5\docs\协同编辑功能实现总结.md", "Markdown", 142, 0, 0, 0, 0, 0, 0, 0, 0, 0, 0, 0, 0, 0, 39, 181
"d:\项目\综合课程设计\SOMS-5\employee-backend\README.md", "Markdown", 67, 0, 0, 0, 0, 0, 0, 0, 0, 0, 0, 0, 0, 0, 20, 87
"d:\项目\综合课程设计\SOMS-5\employee-backend\pom.xml", "XML", 0, 0, 0, 0, 133, 0, 0, 0, 0, 0, 0, 0, 0, 14, 19, 166
"d:\项目\综合课程设计\SOMS-5\employee-backend\src\main\java\com\office\employee\EmployeeBackendApplication.java", "Java", 0, 0, 0, 0, 0, 0, 0, 0, 0, 0, 0, 0, 14, 7, 4, 25
"d:\项目\综合课程设计\SOMS-5\employee-backend\src\main\java\com\office\employee\common\BusinessException.java", "Java", 0, 0, 0, 0, 0, 0, 0, 0, 0, 0, 0, 0, 22, 6, 7, 35
"d:\项目\综合课程设计\SOMS-5\employee-backend\src\main\java\com\office\employee\common\GlobalExceptionHandler.java", "Java", 0, 0, 0, 0, 0, 0, 0, 0, 0, 0, 0, 0, 32, 15, 8, 55
"d:\项目\综合课程设计\SOMS-5\employee-backend\src\main\java\com\office\employee\common\Result.java", "Java", 0, 0, 0, 0, 0, 0, 0, 0, 0, 0, 0, 0, 62, 43, 25, 130
"d:\项目\综合课程设计\SOMS-5\employee-backend\src\main\java\com\office\employee\config\CorsConfig.java", "Java", 0, 0, 0, 0, 0, 0, 0, 0, 0, 0, 0, 0, 21, 11, 10, 42
"d:\项目\综合课程设计\SOMS-5\employee-backend\src\main\java\com\office\employee\config\JwtAuthenticationFilter.java", "Java", 0, 0, 0, 0, 0, 0, 0, 0, 0, 0, 0, 0, 55, 11, 15, 81
"d:\项目\综合课程设计\SOMS-5\employee-backend\src\main\java\com\office\employee\config\MybatisPlusConfig.java", "Java", 0, 0, 0, 0, 0, 0, 0, 0, 0, 0, 0, 0, 15, 9, 3, 27
"d:\项目\综合课程设计\SOMS-5\employee-backend\src\main\java\com\office\employee\config\SecurityConfig.java", "Java", 0, 0, 0, 0, 0, 0, 0, 0, 0, 0, 0, 0, 45, 12, 6, 63
"d:\项目\综合课程设计\SOMS-5\employee-backend\src\main\java\com\office\employee\config\SwaggerConfig.java", "Java", 0, 0, 0, 0, 0, 0, 0, 0, 0, 0, 0, 0, 24, 3, 3, 30
"d:\项目\综合课程设计\SOMS-5\employee-backend\src\main\java\com\office\employee\config\WebSocketConfig.java", "Java", 0, 0, 0, 0, 0, 0, 0, 0, 0, 0, 0, 0, 34, 5, 8, 47
"d:\项目\综合课程设计\SOMS-5\employee-backend\src\main\java\com\office\employee\controller\AnnouncementController.java", "Java", 0, 0, 0, 0, 0, 0, 0, 0, 0, 0, 0, 0, 63, 33, 14, 110
"d:\项目\综合课程设计\SOMS-5\employee-backend\src\main\java\com\office\employee\controller\AttendanceController.java", "Java", 0, 0, 0, 0, 0, 0, 0, 0, 0, 0, 0, 0, 101, 33, 22, 156
"d:\项目\综合课程设计\SOMS-5\employee-backend\src\main\java\com\office\employee\controller\AuthController.java", "Java", 0, 0, 0, 0, 0, 0, 0, 0, 0, 0, 0, 0, 70, 30, 19, 119
"d:\项目\综合课程设计\SOMS-5\employee-backend\src\main\java\com\office\employee\controller\CollaborativeDocumentController.java", "Java", 0, 0, 0, 0, 0, 0, 0, 0, 0, 0, 0, 0, 187, 42, 23, 252
"d:\项目\综合课程设计\SOMS-5\employee-backend\src\main\java\com\office\employee\controller\DocumentController.java", "Java", 0, 0, 0, 0, 0, 0, 0, 0, 0, 0, 0, 0, 179, 45, 38, 262
"d:\项目\综合课程设计\SOMS-5\employee-backend\src\main\java\com\office\employee\controller\LeaveController.java", "Java", 0, 0, 0, 0, 0, 0, 0, 0, 0, 0, 0, 0, 118, 37, 23, 178
"d:\项目\综合课程设计\SOMS-5\employee-backend\src\main\java\com\office\employee\controller\TaskController.java", "Java", 0, 0, 0, 0, 0, 0, 0, 0, 0, 0, 0, 0, 194, 74, 39, 307
"d:\项目\综合课程设计\SOMS-5\employee-backend\src\main\java\com\office\employee\controller\UserController.java", "Java", 0, 0, 0, 0, 0, 0, 0, 0, 0, 0, 0, 0, 139, 40, 38, 217
"d:\项目\综合课程设计\SOMS-5\employee-backend\src\main\java\com\office\employee\dto\DocumentProcessRequest.java", "Java", 0, 0, 0, 0, 0, 0, 0, 0, 0, 0, 0, 0, 27, 0, 4, 31
"d:\项目\综合课程设计\SOMS-5\employee-backend\src\main\java\com\office\employee\dto\LoginRequest.java", "Java", 0, 0, 0, 0, 0, 0, 0, 0, 0, 0, 0, 0, 35, 8, 11, 54
"d:\项目\综合课程设计\SOMS-5\employee-backend\src\main\java\com\office\employee\dto\LoginResponse.java", "Java", 0, 0, 0, 0, 0, 0, 0, 0, 0, 0, 0, 0, 111, 13, 33, 157
"d:\项目\综合课程设计\SOMS-5\employee-backend\src\main\java\com\office\employee\dto\TaskCommentRequest.java", "Java", 0, 0, 0, 0, 0, 0, 0, 0, 0, 0, 0, 0, 12, 0, 4, 16
"d:\项目\综合课程设计\SOMS-5\employee-backend\src\main\java\com\office\employee\dto\TaskCreateRequest.java", "Java", 0, 0, 0, 0, 0, 0, 0, 0, 0, 0, 0, 0, 18, 0, 4, 22
"d:\项目\综合课程设计\SOMS-5\employee-backend\src\main\java\com\office\employee\dto\TaskQueryRequest.java", "Java", 0, 0, 0, 0, 0, 0, 0, 0, 0, 0, 0, 0, 17, 0, 4, 21
"d:\项目\综合课程设计\SOMS-5\employee-backend\src\main\java\com\office\employee\dto\TaskUpdateRequest.java", "Java", 0, 0, 0, 0, 0, 0, 0, 0, 0, 0, 0, 0, 21, 0, 4, 25
"d:\项目\综合课程设计\SOMS-5\employee-backend\src\main\java\com\office\employee\entity\Announcement.java", "Java", 0, 0, 0, 0, 0, 0, 0, 0, 0, 0, 0, 0, 103, 9, 37, 149
"d:\项目\综合课程设计\SOMS-5\employee-backend\src\main\java\com\office\employee\entity\AttendanceRecord.java", "Java", 0, 0, 0, 0, 0, 0, 0, 0, 0, 0, 0, 0, 103, 9, 37, 149
"d:\项目\综合课程设计\SOMS-5\employee-backend\src\main\java\com\office\employee\entity\CollaborativeDocument.java", "Java", 0, 0, 0, 0, 0, 0, 0, 0, 0, 0, 0, 0, 44, 0, 19, 63
"d:\项目\综合课程设计\SOMS-5\employee-backend\src\main\java\com\office\employee\entity\CollaborativeOperation.java", "Java", 0, 0, 0, 0, 0, 0, 0, 0, 0, 0, 0, 0, 36, 0, 15, 51
"d:\项目\综合课程设计\SOMS-5\employee-backend\src\main\java\com\office\employee\entity\CollaborativeSession.java", "Java", 0, 0, 0, 0, 0, 0, 0, 0, 0, 0, 0, 0, 32, 0, 13, 45
"d:\项目\综合课程设计\SOMS-5\employee-backend\src\main\java\com\office\employee\entity\Department.java", "Java", 0, 0, 0, 0, 0, 0, 0, 0, 0, 0, 0, 0, 86, 8, 31, 125
"d:\项目\综合课程设计\SOMS-5\employee-backend\src\main\java\com\office\employee\entity\Document.java", "Java", 0, 0, 0, 0, 0, 0, 0, 0, 0, 0, 0, 0, 46, 0, 20, 66
"d:\项目\综合课程设计\SOMS-5\employee-backend\src\main\java\com\office\employee\entity\Employee.java", "Java", 0, 0, 0, 0, 0, 0, 0, 0, 0, 0, 0, 0, 102, 9, 37, 148
"d:\项目\综合课程设计\SOMS-5\employee-backend\src\main\java\com\office\employee\entity\LeaveApplication.java", "Java", 0, 0, 0, 0, 0, 0, 0, 0, 0, 0, 0, 0, 138, 9, 49, 196
"d:\项目\综合课程设计\SOMS-5\employee-backend\src\main\java\com\office\employee\entity\Role.java", "Java", 0, 0, 0, 0, 0, 0, 0, 0, 0, 0, 0, 0, 69, 8, 25, 102
"d:\项目\综合课程设计\SOMS-5\employee-backend\src\main\java\com\office\employee\entity\Task.java", "Java", 0, 0, 0, 0, 0, 0, 0, 0, 0, 0, 0, 0, 58, 0, 26, 84
"d:\项目\综合课程设计\SOMS-5\employee-backend\src\main\java\com\office\employee\entity\TaskComment.java", "Java", 0, 0, 0, 0, 0, 0, 0, 0, 0, 0, 0, 0, 38, 0, 16, 54
"d:\项目\综合课程设计\SOMS-5\employee-backend\src\main\java\com\office\employee\entity\User.java", "Java", 0, 0, 0, 0, 0, 0, 0, 0, 0, 0, 0, 0, 106, 8, 35, 149
"d:\项目\综合课程设计\SOMS-5\employee-backend\src\main\java\com\office\employee\mapper\AnnouncementMapper.java", "Java", 0, 0, 0, 0, 0, 0, 0, 0, 0, 0, 0, 0, 36, 24, 9, 69
"d:\项目\综合课程设计\SOMS-5\employee-backend\src\main\java\com\office\employee\mapper\AttendanceRecordMapper.java", "Java", 0, 0, 0, 0, 0, 0, 0, 0, 0, 0, 0, 0, 34, 24, 9, 67
"d:\项目\综合课程设计\SOMS-5\employee-backend\src\main\java\com\office\employee\mapper\CollaborativeDocumentMapper.java", "Java", 0, 0, 0, 0, 0, 0, 0, 0, 0, 0, 0, 0, 42, 18, 9, 69
"d:\项目\综合课程设计\SOMS-5\employee-backend\src\main\java\com\office\employee\mapper\CollaborativeOperationMapper.java", "Java", 0, 0, 0, 0, 0, 0, 0, 0, 0, 0, 0, 0, 22, 15, 8, 45
"d:\项目\综合课程设计\SOMS-5\employee-backend\src\main\java\com\office\employee\mapper\CollaborativeSessionMapper.java", "Java", 0, 0, 0, 0, 0, 0, 0, 0, 0, 0, 0, 0, 23, 18, 9, 50
"d:\项目\综合课程设计\SOMS-5\employee-backend\src\main\java\com\office\employee\mapper\DepartmentMapper.java", "Java", 0, 0, 0, 0, 0, 0, 0, 0, 0, 0, 0, 0, 18, 18, 7, 43
"d:\项目\综合课程设计\SOMS-5\employee-backend\src\main\java\com\office\employee\mapper\DocumentMapper.java", "Java", 0, 0, 0, 0, 0, 0, 0, 0, 0, 0, 0, 0, 27, 15, 8, 50
"d:\项目\综合课程设计\SOMS-5\employee-backend\src\main\java\com\office\employee\mapper\EmployeeMapper.java", "Java", 0, 0, 0, 0, 0, 0, 0, 0, 0, 0, 0, 0, 17, 18, 6, 41
"d:\项目\综合课程设计\SOMS-5\employee-backend\src\main\java\com\office\employee\mapper\LeaveApplicationMapper.java", "Java", 0, 0, 0, 0, 0, 0, 0, 0, 0, 0, 0, 0, 35, 24, 9, 68
"d:\项目\综合课程设计\SOMS-5\employee-backend\src\main\java\com\office\employee\mapper\RoleMapper.java", "Java", 0, 0, 0, 0, 0, 0, 0, 0, 0, 0, 0, 0, 20, 18, 7, 45
"d:\项目\综合课程设计\SOMS-5\employee-backend\src\main\java\com\office\employee\mapper\TaskCommentMapper.java", "Java", 0, 0, 0, 0, 0, 0, 0, 0, 0, 0, 0, 0, 19, 9, 6, 34
"d:\项目\综合课程设计\SOMS-5\employee-backend\src\main\java\com\office\employee\mapper\TaskMapper.java", "Java", 0, 0, 0, 0, 0, 0, 0, 0, 0, 0, 0, 0, 42, 18, 9, 69
"d:\项目\综合课程设计\SOMS-5\employee-backend\src\main\java\com\office\employee\mapper\UserMapper.java", "Java", 0, 0, 0, 0, 0, 0, 0, 0, 0, 0, 0, 0, 19, 21, 7, 47
"d:\项目\综合课程设计\SOMS-5\employee-backend\src\main\java\com\office\employee\service\AnnouncementService.java", "Java", 0, 0, 0, 0, 0, 0, 0, 0, 0, 0, 0, 0, 84, 40, 26, 150
"d:\项目\综合课程设计\SOMS-5\employee-backend\src\main\java\com\office\employee\service\AttendanceService.java", "Java", 0, 0, 0, 0, 0, 0, 0, 0, 0, 0, 0, 0, 150, 50, 41, 241
"d:\项目\综合课程设计\SOMS-5\employee-backend\src\main\java\com\office\employee\service\AuthService.java", "Java", 0, 0, 0, 0, 0, 0, 0, 0, 0, 0, 0, 0, 134, 47, 37, 218
"d:\项目\综合课程设计\SOMS-5\employee-backend\src\main\java\com\office\employee\service\CollaborativeDocumentService.java", "Java", 0, 0, 0, 0, 0, 0, 0, 0, 0, 0, 0, 0, 28, 51, 20, 99
"d:\项目\综合课程设计\SOMS-5\employee-backend\src\main\java\com\office\employee\service\DocumentService.java", "Java", 0, 0, 0, 0, 0, 0, 0, 0, 0, 0, 0, 0, 29, 51, 20, 100
"d:\项目\综合课程设计\SOMS-5\employee-backend\src\main\java\com\office\employee\service\LeaveService.java", "Java", 0, 0, 0, 0, 0, 0, 0, 0, 0, 0, 0, 0, 148, 50, 45, 243
"d:\项目\综合课程设计\SOMS-5\employee-backend\src\main\java\com\office\employee\service\TaskCommentService.java", "Java", 0, 0, 0, 0, 0, 0, 0, 0, 0, 0, 0, 0, 16, 21, 11, 48
"d:\项目\综合课程设计\SOMS-5\employee-backend\src\main\java\com\office\employee\service\TaskService.java", "Java", 0, 0, 0, 0, 0, 0, 0, 0, 0, 0, 0, 0, 30, 48, 21, 99
"d:\项目\综合课程设计\SOMS-5\employee-backend\src\main\java\com\office\employee\service\impl\CollaborativeDocumentServiceImpl.java", "Java", 0, 0, 0, 0, 0, 0, 0, 0, 0, 0, 0, 0, 249, 67, 58, 374
"d:\项目\综合课程设计\SOMS-5\employee-backend\src\main\java\com\office\employee\service\impl\DocumentServiceImpl.java", "Java", 0, 0, 0, 0, 0, 0, 0, 0, 0, 0, 0, 0, 831, 85, 161, 1077
"d:\项目\综合课程设计\SOMS-5\employee-backend\src\main\java\com\office\employee\service\impl\TaskCommentServiceImpl.java", "Java", 0, 0, 0, 0, 0, 0, 0, 0, 0, 0, 0, 0, 120, 4, 28, 152
"d:\项目\综合课程设计\SOMS-5\employee-backend\src\main\java\com\office\employee\service\impl\TaskServiceImpl.java", "Java", 0, 0, 0, 0, 0, 0, 0, 0, 0, 0, 0, 0, 251, 10, 48, 309
"d:\项目\综合课程设计\SOMS-5\employee-backend\src\main\java\com\office\employee\test\SimplePasswordTest.java", "Java", 0, 0, 0, 0, 0, 0, 0, 0, 0, 0, 0, 0, 21, 6, 9, 36
"d:\项目\综合课程设计\SOMS-5\employee-backend\src\main\java\com\office\employee\util\JwtUtil.java", "Java", 0, 0, 0, 0, 0, 0, 0, 0, 0, 0, 0, 0, 58, 24, 13, 95
"d:\项目\综合课程设计\SOMS-5\employee-backend\src\main\java\com\office\employee\websocket\CollaborationWebSocketHandler.java", "Java", 0, 0, 0, 0, 0, 0, 0, 0, 0, 0, 0, 0, 163, 23, 36, 222
"d:\项目\综合课程设计\SOMS-5\employee-backend\src\main\resources\application.yml", "YAML", 0, 0, 0, 0, 0, 0, 0, 0, 0, 48, 0, 0, 0, 4, 9, 61
"d:\项目\综合课程设计\SOMS-5\employee-backend\src\main\resources\mapper\TaskMapper.xml", "XML", 0, 0, 0, 0, 39, 0, 0, 0, 0, 0, 0, 0, 0, 1, 2, 42
"d:\项目\综合课程设计\SOMS-5\employee-backend\src\test\java\com\office\employee\PasswordTest.java", "Java", 0, 0, 0, 0, 0, 0, 0, 0, 0, 0, 0, 0, 24, 11, 10, 45
"d:\项目\综合课程设计\SOMS-5\employee-backend\target\classes\application.yml", "YAML", 0, 0, 0, 0, 0, 0, 0, 0, 0, 48, 0, 0, 0, 4, 9, 61
"d:\项目\综合课程设计\SOMS-5\employee-backend\target\classes\com\office\employee\EmployeeBackendApplication.class", "Java", 0, 0, 0, 0, 0, 0, 0, 0, 0, 0, 0, 0, 7, 0, 0, 7
"d:\项目\综合课程设计\SOMS-5\employee-backend\target\classes\com\office\employee\common\BusinessException.class", "Java", 0, 0, 0, 0, 0, 0, 0, 0, 0, 0, 0, 0, 13, 0, 0, 13
"d:\项目\综合课程设计\SOMS-5\employee-backend\target\classes\com\office\employee\common\GlobalExceptionHandler.class", "Java", 0, 0, 0, 0, 0, 0, 0, 0, 0, 0, 0, 0, 28, 0, 0, 28
"d:\项目\综合课程设计\SOMS-5\employee-backend\target\classes\com\office\employee\common\Result.class", "Java", 0, 0, 0, 0, 0, 0, 0, 0, 0, 0, 0, 0, 26, 0, 0, 26
"d:\项目\综合课程设计\SOMS-5\employee-backend\target\classes\com\office\employee\config\CorsConfig.class", "Java", 0, 0, 0, 0, 0, 0, 0, 0, 0, 0, 0, 0, 12, 6, 0, 18
"d:\项目\综合课程设计\SOMS-5\employee-backend\target\classes\com\office\employee\config\JwtAuthenticationFilter.class", "Java", 0, 0, 0, 0, 0, 0, 0, 0, 0, 0, 0, 0, 35, 0, 0, 35
"d:\项目\综合课程设计\SOMS-5\employee-backend\target\classes\com\office\employee\config\MybatisPlusConfig.class", "Java", 0, 0, 0, 0, 0, 0, 0, 0, 0, 0, 0, 0, 9, 0, 0, 9
"d:\项目\综合课程设计\SOMS-5\employee-backend\target\classes\com\office\employee\config\SecurityConfig.class", "Java", 0, 0, 0, 0, 0, 0, 0, 0, 0, 0, 0, 0, 12, 26, 0, 38
"d:\项目\综合课程设计\SOMS-5\employee-backend\target\classes\com\office\employee\config\SwaggerConfig.class", "Java", 0, 0, 0, 0, 0, 0, 0, 0, 0, 0, 0, 0, 27, 0, 0, 27
"d:\项目\综合课程设计\SOMS-5\employee-backend\target\classes\com\office\employee\config\WebSocketConfig.class", "Java", 0, 0, 0, 0, 0, 0, 0, 0, 0, 0, 0, 0, 11, 0, 0, 11
"d:\项目\综合课程设计\SOMS-5\employee-backend\target\classes\com\office\employee\controller\AnnouncementController.class", "Java", 0, 0, 0, 0, 0, 0, 0, 0, 0, 0, 0, 0, 35, 0, 0, 35
"d:\项目\综合课程设计\SOMS-5\employee-backend\target\classes\com\office\employee\controller\AttendanceController$ManualCheckInRequest.class", "Java", 0, 0, 0, 0, 0, 0, 0, 0, 0, 0, 0, 0, 10, 0, 0, 10
"d:\项目\综合课程设计\SOMS-5\employee-backend\target\classes\com\office\employee\controller\AttendanceController.class", "Java", 0, 0, 0, 0, 0, 0, 0, 0, 0, 0, 0, 0, 35, 0, 0, 35
"d:\项目\综合课程设计\SOMS-5\employee-backend\target\classes\com\office\employee\controller\AuthController.class", "Java", 0, 0, 0, 0, 0, 0, 0, 0, 0, 0, 0, 0, 32, 0, 0, 32
"d:\项目\综合课程设计\SOMS-5\employee-backend\target\classes\com\office\employee\controller\CollaborativeDocumentController.class", "Java", 0, 0, 0, 0, 0, 0, 0, 0, 0, 0, 0, 0, 40, 0, 0, 40
"d:\项目\综合课程设计\SOMS-5\employee-backend\target\classes\com\office\employee\controller\DocumentController.class", "Java", 0, 0, 0, 0, 0, 0, 0, 0, 0, 0, 0, 0, 102, 0, 0, 102
"d:\项目\综合课程设计\SOMS-5\employee-backend\target\classes\com\office\employee\controller\LeaveController$LeaveApplicationRequest.class", "Java", 0, 0, 0, 0, 0, 0, 0, 0, 0, 0, 0, 0, 13, 0, 0, 13
"d:\项目\综合课程设计\SOMS-5\employee-backend\target\classes\com\office\employee\controller\LeaveController.class", "Java", 0, 0, 0, 0, 0, 0, 0, 0, 0, 0, 0, 0, 34, 0, 0, 34
"d:\项目\综合课程设计\SOMS-5\employee-backend\target\classes\com\office\employee\controller\TaskController.class", "Java", 0, 0, 0, 0, 0, 0, 0, 0, 0, 0, 0, 0, 55, 0, 0, 55
"d:\项目\综合课程设计\SOMS-5\employee-backend\target\classes\com\office\employee\controller\UserController$ChangePasswordRequest.class", "Java", 0, 0, 0, 0, 0, 0, 0, 0, 0, 0, 0, 0, 9, 0, 0, 9
"d:\项目\综合课程设计\SOMS-5\employee-backend\target\classes\com\office\employee\controller\UserController$WorkStatsResponse.class", "Java", 0, 0, 0, 0, 0, 0, 0, 0, 0, 0, 0, 0, 15, 0, 0, 15
"d:\项目\综合课程设计\SOMS-5\employee-backend\target\classes\com\office\employee\controller\UserController.class", "Java", 0, 0, 0, 0, 0, 0, 0, 0, 0, 0, 0, 0, 43, 0, 0, 43
"d:\项目\综合课程设计\SOMS-5\employee-backend\target\classes\com\office\employee\dto\DocumentExportRequest.class", "Java", 0, 0, 0, 0, 0, 0, 0, 0, 0, 0, 0, 0, 25, 0, 0, 25
"d:\项目\综合课程设计\SOMS-5\employee-backend\target\classes\com\office\employee\dto\DocumentProcessRequest.class", "Java", 0, 0, 0, 0, 0, 0, 0, 0, 0, 0, 0, 0, 52, 0, 0, 52
"d:\项目\综合课程设计\SOMS-5\employee-backend\target\classes\com\office\employee\dto\LoginRequest.class", "Java", 0, 0, 0, 0, 0, 0, 0, 0, 0, 0, 0, 0, 13, 0, 0, 13
"d:\项目\综合课程设计\SOMS-5\employee-backend\target\classes\com\office\employee\dto\LoginResponse$UserInfo.class", "Java", 0, 0, 0, 0, 0, 0, 0, 0, 0, 0, 0, 0, 31, 0, 0, 31
"d:\项目\综合课程设计\SOMS-5\employee-backend\target\classes\com\office\employee\dto\LoginResponse.class", "Java", 0, 0, 0, 0, 0, 0, 0, 0, 0, 0, 0, 0, 10, 0, 0, 10
"d:\项目\综合课程设计\SOMS-5\employee-backend\target\classes\com\office\employee\dto\TaskCommentRequest.class", "Java", 0, 0, 0, 0, 0, 0, 0, 0, 0, 0, 0, 0, 40, 0, 0, 40
"d:\项目\综合课程设计\SOMS-5\employee-backend\target\classes\com\office\employee\dto\TaskCreateRequest.class", "Java", 0, 0, 0, 0, 0, 0, 0, 0, 0, 0, 0, 0, 70, 0, 0, 70
"d:\项目\综合课程设计\SOMS-5\employee-backend\target\classes\com\office\employee\dto\TaskQueryRequest.class", "Java", 0, 0, 0, 0, 0, 0, 0, 0, 0, 0, 0, 0, 71, 0, 0, 71
"d:\项目\综合课程设计\SOMS-5\employee-backend\target\classes\com\office\employee\dto\TaskUpdateRequest.class", "Java", 0, 0, 0, 0, 0, 0, 0, 0, 0, 0, 0, 0, 77, 0, 0, 77
"d:\项目\综合课程设计\SOMS-5\employee-backend\target\classes\com\office\employee\dto\TemplateGenerateRequest.class", "Java", 0, 0, 0, 0, 0, 0, 0, 0, 0, 0, 0, 0, 34, 0, 0, 34
"d:\项目\综合课程设计\SOMS-5\employee-backend\target\classes\com\office\employee\entity\Announcement.class", "Java", 0, 0, 0, 0, 0, 0, 0, 0, 0, 0, 0, 0, 30, 0, 0, 30
"d:\项目\综合课程设计\SOMS-5\employee-backend\target\classes\com\office\employee\entity\AttendanceRecord.class", "Java", 0, 0, 0, 0, 0, 0, 0, 0, 0, 0, 0, 0, 28, 0, 0, 28
"d:\项目\综合课程设计\SOMS-5\employee-backend\target\classes\com\office\employee\entity\CollaborativeDocument.class", "Java", 0, 0, 0, 0, 0, 0, 0, 0, 0, 0, 0, 0, 111, 0, 0, 111
"d:\项目\综合课程设计\SOMS-5\employee-backend\target\classes\com\office\employee\entity\CollaborativeOperation.class", "Java", 0, 0, 0, 0, 0, 0, 0, 0, 0, 0, 0, 0, 81, 0, 0, 81
"d:\项目\综合课程设计\SOMS-5\employee-backend\target\classes\com\office\employee\entity\CollaborativeSession.class", "Java", 0, 0, 0, 0, 0, 0, 0, 0, 0, 0, 0, 0, 78, 0, 0, 78
"d:\项目\综合课程设计\SOMS-5\employee-backend\target\classes\com\office\employee\entity\Department.class", "Java", 0, 0, 0, 0, 0, 0, 0, 0, 0, 0, 0, 0, 26, 0, 0, 26
"d:\项目\综合课程设计\SOMS-5\employee-backend\target\classes\com\office\employee\entity\Document.class", "Java", 0, 0, 0, 0, 0, 0, 0, 0, 0, 0, 0, 0, 99, 0, 0, 99
"d:\项目\综合课程设计\SOMS-5\employee-backend\target\classes\com\office\employee\entity\Employee.class", "Java", 0, 0, 0, 0, 0, 0, 0, 0, 0, 0, 0, 0, 35, 0, 0, 35
"d:\项目\综合课程设计\SOMS-5\employee-backend\target\classes\com\office\employee\entity\LeaveApplication.class", "Java", 0, 0, 0, 0, 0, 0, 0, 0, 0, 0, 0, 0, 38, 0, 0, 38
"d:\项目\综合课程设计\SOMS-5\employee-backend\target\classes\com\office\employee\entity\Role.class", "Java", 0, 0, 0, 0, 0, 0, 0, 0, 0, 0, 0, 0, 23, 0, 0, 23
"d:\项目\综合课程设计\SOMS-5\employee-backend\target\classes\com\office\employee\entity\Task.class", "Java", 0, 0, 0, 0, 0, 0, 0, 0, 0, 0, 0, 0, 120, 0, 0, 120
"d:\项目\综合课程设计\SOMS-5\employee-backend\target\classes\com\office\employee\entity\TaskComment.class", "Java", 0, 0, 0, 0, 0, 0, 0, 0, 0, 0, 0, 0, 86, 0, 0, 86
"d:\项目\综合课程设计\SOMS-5\employee-backend\target\classes\com\office\employee\entity\User.class", "Java", 0, 0, 0, 0, 0, 0, 0, 0, 0, 0, 0, 0, 30, 0, 0, 30
"d:\项目\综合课程设计\SOMS-5\employee-backend\target\classes\com\office\employee\mapper\AnnouncementMapper.class", "Java", 0, 0, 0, 0, 0, 0, 0, 0, 0, 0, 0, 0, 11, 0, 0, 11
"d:\项目\综合课程设计\SOMS-5\employee-backend\target\classes\com\office\employee\mapper\AttendanceRecordMapper.class", "Java", 0, 0, 0, 0, 0, 0, 0, 0, 0, 0, 0, 0, 23, 0, 0, 23
"d:\项目\综合课程设计\SOMS-5\employee-backend\target\classes\com\office\employee\mapper\CollaborativeDocumentMapper.class", "Java", 0, 0, 0, 0, 0, 0, 0, 0, 0, 0, 0, 0, 5, 0, 0, 5
"d:\项目\综合课程设计\SOMS-5\employee-backend\target\classes\com\office\employee\mapper\CollaborativeOperationMapper.class", "Java", 0, 0, 0, 0, 0, 0, 0, 0, 0, 0, 0, 0, 5, 0, 0, 5
"d:\项目\综合课程设计\SOMS-5\employee-backend\target\classes\com\office\employee\mapper\CollaborativeSessionMapper.class", "Java", 0, 0, 0, 0, 0, 0, 0, 0, 0, 0, 0, 0, 15, 0, 0, 15
"d:\项目\综合课程设计\SOMS-5\employee-backend\target\classes\com\office\employee\mapper\DepartmentMapper.class", "Java", 0, 0, 0, 0, 0, 0, 0, 0, 0, 0, 0, 0, 12, 0, 0, 12
"d:\项目\综合课程设计\SOMS-5\employee-backend\target\classes\com\office\employee\mapper\DocumentMapper.class", "Java", 0, 0, 0, 0, 0, 0, 0, 0, 0, 0, 0, 0, 4, 0, 0, 4
"d:\项目\综合课程设计\SOMS-5\employee-backend\target\classes\com\office\employee\mapper\EmployeeMapper.class", "Java", 0, 0, 0, 0, 0, 0, 0, 0, 0, 0, 0, 0, 13, 0, 0, 13
"d:\项目\综合课程设计\SOMS-5\employee-backend\target\classes\com\office\employee\mapper\LeaveApplicationMapper.class", "Java", 0, 0, 0, 0, 0, 0, 0, 0, 0, 0, 0, 0, 5, 0, 0, 5
"d:\项目\综合课程设计\SOMS-5\employee-backend\target\classes\com\office\employee\mapper\RoleMapper.class", "Java", 0, 0, 0, 0, 0, 0, 0, 0, 0, 0, 0, 0, 15, 0, 0, 15
"d:\项目\综合课程设计\SOMS-5\employee-backend\target\classes\com\office\employee\mapper\TaskCommentMapper.class", "Java", 0, 0, 0, 0, 0, 0, 0, 0, 0, 0, 0, 0, 10, 0, 0, 10
"d:\项目\综合课程设计\SOMS-5\employee-backend\target\classes\com\office\employee\mapper\TaskMapper.class", "Java", 0, 0, 0, 0, 0, 0, 0, 0, 0, 0, 0, 0, 6, 0, 0, 6
"d:\项目\综合课程设计\SOMS-5\employee-backend\target\classes\com\office\employee\mapper\UserMapper.class", "Java", 0, 0, 0, 0, 0, 0, 0, 0, 0, 0, 0, 0, 19, 0, 0, 19
"d:\项目\综合课程设计\SOMS-5\employee-backend\target\classes\com\office\employee\service\AnnouncementService$AnnouncementSummary.class", "Java", 0, 0, 0, 0, 0, 0, 0, 0, 0, 0, 0, 0, 13, 0, 0, 13
"d:\项目\综合课程设计\SOMS-5\employee-backend\target\classes\com\office\employee\service\AnnouncementService.class", "Java", 0, 0, 0, 0, 0, 0, 0, 0, 0, 0, 0, 0, 39, 0, 0, 39
"d:\项目\综合课程设计\SOMS-5\employee-backend\target\classes\com\office\employee\service\AttendanceService$AttendanceStatistics.class", "Java", 0, 0, 0, 0, 0, 0, 0, 0, 0, 0, 0, 0, 10, 0, 0, 10
"d:\项目\综合课程设计\SOMS-5\employee-backend\target\classes\com\office\employee\service\AttendanceService.class", "Java", 0, 0, 0, 0, 0, 0, 0, 0, 0, 0, 0, 0, 80, 0, 1, 81
"d:\项目\综合课程设计\SOMS-5\employee-backend\target\classes\com\office\employee\service\AuthService.class", "Java", 0, 0, 0, 0, 0, 0, 0, 0, 0, 0, 0, 0, 84, 0, 0, 84
"d:\项目\综合课程设计\SOMS-5\employee-backend\target\classes\com\office\employee\service\CollaborativeDocumentService.class", "Java", 0, 0, 0, 0, 0, 0, 0, 0, 0, 0, 0, 0, 20, 0, 0, 20
"d:\项目\综合课程设计\SOMS-5\employee-backend\target\classes\com\office\employee\service\DocumentService.class", "Java", 0, 0, 0, 0, 0, 0, 0, 0, 0, 0, 0, 0, 17, 0, 0, 17
"d:\项目\综合课程设计\SOMS-5\employee-backend\target\classes\com\office\employee\service\LeaveService$LeaveStatistics.class", "Java", 0, 0, 0, 0, 0, 0, 0, 0, 0, 0, 0, 0, 10, 0, 0, 10
"d:\项目\综合课程设计\SOMS-5\employee-backend\target\classes\com\office\employee\service\LeaveService.class", "Java", 0, 0, 0, 0, 0, 0, 0, 0, 0, 0, 0, 0, 88, 8, 0, 96
"d:\项目\综合课程设计\SOMS-5\employee-backend\target\classes\com\office\employee\service\TaskCommentService.class", "Java", 0, 0, 0, 0, 0, 0, 0, 0, 0, 0, 0, 0, 10, 0, 0, 10
"d:\项目\综合课程设计\SOMS-5\employee-backend\target\classes\com\office\employee\service\TaskService.class", "Java", 0, 0, 0, 0, 0, 0, 0, 0, 0, 0, 0, 0, 18, 0, 0, 18
"d:\项目\综合课程设计\SOMS-5\employee-backend\target\classes\com\office\employee\service\impl\CollaborativeDocumentServiceImpl.class", "Java", 0, 0, 0, 0, 0, 0, 0, 0, 0, 0, 0, 0, 134, 0, 0, 134
"d:\项目\综合课程设计\SOMS-5\employee-backend\target\classes\com\office\employee\service\impl\DocumentServiceImpl$1.class", "Java", 0, 0, 0, 0, 0, 0, 0, 0, 0, 0, 0, 0, 9, 0, 0, 9
"d:\项目\综合课程设计\SOMS-5\employee-backend\target\classes\com\office\employee\service\impl\DocumentServiceImpl.class", "Java", 0, 0, 0, 0, 0, 0, 0, 0, 0, 0, 0, 0, 415, 0, 5, 420
"d:\项目\综合课程设计\SOMS-5\employee-backend\target\classes\com\office\employee\service\impl\TaskCommentServiceImpl.class", "Java", 0, 0, 0, 0, 0, 0, 0, 0, 0, 0, 0, 0, 78, 0, 0, 78
"d:\项目\综合课程设计\SOMS-5\employee-backend\target\classes\com\office\employee\service\impl\TaskServiceImpl.class", "Java", 0, 0, 0, 0, 0, 0, 0, 0, 0, 0, 0, 0, 154, 0, 0, 154
"d:\项目\综合课程设计\SOMS-5\employee-backend\target\classes\com\office\employee\test\SimplePasswordTest.class", "Java", 0, 0, 0, 0, 0, 0, 0, 0, 0, 0, 0, 0, 18, 0, 0, 18
"d:\项目\综合课程设计\SOMS-5\employee-backend\target\classes\com\office\employee\util\JwtUtil.class", "Java", 0, 0, 0, 0, 0, 0, 0, 0, 0, 0, 0, 0, 32, 0, 0, 32
"d:\项目\综合课程设计\SOMS-5\employee-backend\target\classes\com\office\employee\websocket\CollaborationWebSocketHandler.class", "Java", 0, 0, 0, 0, 0, 0, 0, 0, 0, 0, 0, 0, 69, 0, 0, 69
"d:\项目\综合课程设计\SOMS-5\employee-backend\target\classes\mapper\TaskMapper.xml", "XML", 0, 0, 0, 0, 39, 0, 0, 0, 0, 0, 0, 0, 0, 1, 2, 42
"d:\项目\综合课程设计\SOMS-5\employee-backend\target\test-classes\com\office\employee\PasswordTest.class", "Java", 0, 0, 0, 0, 0, 0, 0, 0, 0, 0, 0, 0, 17, 0, 0, 17
"d:\项目\综合课程设计\SOMS-5\employee-frontend\.idea\employee-frontend.iml", "XML", 0, 0, 0, 0, 12, 0, 0, 0, 0, 0, 0, 0, 0, 0, 0, 12
"d:\项目\综合课程设计\SOMS-5\employee-frontend\.idea\encodings.xml", "XML", 0, 0, 0, 0, 4, 0, 0, 0, 0, 0, 0, 0, 0, 0, 0, 4
"d:\项目\综合课程设计\SOMS-5\employee-frontend\.idea\modules.xml", "XML", 0, 0, 0, 0, 8, 0, 0, 0, 0, 0, 0, 0, 0, 0, 0, 8
"d:\项目\综合课程设计\SOMS-5\employee-frontend\README.md", "Markdown", 97, 0, 0, 0, 0, 0, 0, 0, 0, 0, 0, 0, 0, 0, 32, 129
"d:\项目\综合课程设计\SOMS-5\employee-frontend\index.html", "HTML", 0, 0, 0, 0, 0, 0, 0, 0, 13, 0, 0, 0, 0, 0, 0, 13
"d:\项目\综合课程设计\SOMS-5\employee-frontend\package-lock.json", "JSON", 0, 0, 0, 0, 0, 2217, 0, 0, 0, 0, 0, 0, 0, 0, 1, 2218
"d:\项目\综合课程设计\SOMS-5\employee-frontend\package.json", "JSON", 0, 0, 0, 0, 0, 34, 0, 0, 0, 0, 0, 0, 0, 0, 1, 35
"d:\项目\综合课程设计\SOMS-5\employee-frontend\src\App.vue", "vue", 0, 0, 0, 0, 0, 0, 0, 0, 0, 0, 15, 0, 0, 0, 2, 17
"d:\项目\综合课程设计\SOMS-5\employee-frontend\src\api\announcement.js", "JavaScript", 0, 0, 0, 0, 0, 0, 27, 0, 0, 0, 0, 0, 0, 8, 8, 43
"d:\项目\综合课程设计\SOMS-5\employee-frontend\src\api\attendance.js", "JavaScript", 0, 0, 0, 0, 0, 0, 24, 0, 0, 0, 0, 0, 0, 7, 7, 38
"d:\项目\综合课程设计\SOMS-5\employee-frontend\src\api\auth.js", "JavaScript", 0, 0, 0, 0, 0, 0, 20, 0, 0, 0, 0, 0, 0, 3, 3, 26
"d:\项目\综合课程设计\SOMS-5\employee-frontend\src\api\collaborative.js", "JavaScript", 0, 0, 0, 0, 0, 0, 98, 0, 0, 0, 0, 0, 0, 7, 15, 120
"d:\项目\综合课程设计\SOMS-5\employee-frontend\src\api\leave.js", "JavaScript", 0, 0, 0, 0, 0, 0, 21, 0, 0, 0, 0, 0, 0, 6, 6, 33
"d:\项目\综合课程设计\SOMS-5\employee-frontend\src\api\user.js", "JavaScript", 0, 0, 0, 0, 0, 0, 25, 0, 0, 0, 0, 0, 0, 6, 6, 37
"d:\项目\综合课程设计\SOMS-5\employee-frontend\src\components\EnhancedBreadcrumb.vue", "vue", 0, 0, 0, 0, 0, 0, 0, 0, 0, 0, 446, 0, 0, 6, 64, 516
"d:\项目\综合课程设计\SOMS-5\employee-frontend\src\components\FavoriteManager.vue", "vue", 0, 0, 0, 0, 0, 0, 0, 0, 0, 0, 491, 0, 0, 4, 70, 565
"d:\项目\综合课程设计\SOMS-5\employee-frontend\src\components\LanguageSwitcher.vue", "vue", 0, 0, 0, 0, 0, 0, 0, 0, 0, 0, 223, 0, 0, 0, 38, 261
"d:\项目\综合课程设计\SOMS-5\employee-frontend\src\components\collaborative\UserPresence.vue", "vue", 0, 0, 0, 0, 0, 0, 0, 0, 0, 0, 566, 0, 0, 4, 81, 651
"d:\项目\综合课程设计\SOMS-5\employee-frontend\src\i18n\index.js", "JavaScript", 0, 0, 0, 0, 0, 0, 45, 0, 0, 0, 0, 0, 0, 15, 12, 72
"d:\项目\综合课程设计\SOMS-5\employee-frontend\src\i18n\locales\en-US.js", "JavaScript", 0, 0, 0, 0, 0, 0, 250, 0, 0, 0, 0, 0, 0, 13, 13, 276
"d:\项目\综合课程设计\SOMS-5\employee-frontend\src\i18n\locales\zh-CN.js", "JavaScript", 0, 0, 0, 0, 0, 0, 250, 0, 0, 0, 0, 0, 0, 13, 13, 276
"d:\项目\综合课程设计\SOMS-5\employee-frontend\src\layout\Layout.vue", "vue", 0, 0, 0, 0, 0, 0, 0, 0, 0, 0, 562, 0, 0, 8, 90, 660
"d:\项目\综合课程设计\SOMS-5\employee-frontend\src\main.js", "JavaScript", 0, 0, 0, 0, 0, 0, 16, 0, 0, 0, 0, 0, 0, 2, 4, 22
"d:\项目\综合课程设计\SOMS-5\employee-frontend\src\router\index.js", "JavaScript", 0, 0, 0, 0, 0, 0, 166, 0, 0, 0, 0, 0, 0, 8, 9, 183
"d:\项目\综合课程设计\SOMS-5\employee-frontend\src\stores\breadcrumb.js", "JavaScript", 0, 0, 0, 0, 0, 0, 189, 0, 0, 0, 0, 0, 0, 60, 39, 288
"d:\项目\综合课程设计\SOMS-5\employee-frontend\src\stores\language.js", "JavaScript", 0, 0, 0, 0, 0, 0, 154, 0, 0, 0, 0, 0, 0, 66, 39, 259
"d:\项目\综合课程设计\SOMS-5\employee-frontend\src\stores\user.js", "JavaScript", 0, 0, 0, 0, 0, 0, 82, 0, 0, 0, 0, 0, 0, 10, 10, 102
"d:\项目\综合课程设计\SOMS-5\employee-frontend\src\style\index.css", "PostCSS", 0, 0, 0, 0, 0, 0, 0, 0, 0, 0, 0, 183, 0, 10, 36, 229
"d:\项目\综合课程设计\SOMS-5\employee-frontend\src\utils\cursorTracking.js", "JavaScript", 0, 0, 0, 0, 0, 0, 384, 0, 0, 0, 0, 0, 0, 128, 80, 592
"d:\项目\综合课程设计\SOMS-5\employee-frontend\src\utils\debounce.js", "JavaScript", 0, 0, 0, 0, 0, 0, 67, 0, 0, 0, 0, 0, 0, 31, 15, 113
"d:\项目\综合课程设计\SOMS-5\employee-frontend\src\utils\request.js", "JavaScript", 0, 0, 0, 0, 0, 0, 41, 0, 0, 0, 0, 0, 0, 3, 4, 48
"d:\项目\综合课程设计\SOMS-5\employee-frontend\src\views\attendance\Attendance.vue", "vue", 0, 0, 0, 0, 0, 0, 0, 0, 0, 0, 825, 0, 0, 6, 111, 942
"d:\项目\综合课程设计\SOMS-5\employee-frontend\src\views\attendance\AttendanceRecords.vue", "vue", 0, 0, 0, 0, 0, 0, 0, 0, 0, 0, 546, 0, 0, 4, 78, 628
"d:\项目\综合课程设计\SOMS-5\employee-frontend\src\views\auth\Login.vue", "vue", 0, 0, 0, 0, 0, 0, 0, 0, 0, 0, 328, 0, 0, 2, 52, 382
"d:\项目\综合课程设计\SOMS-5\employee-frontend\src\views\collaborative\CodeEditor.vue", "vue", 0, 0, 0, 0, 0, 0, 0, 0, 0, 0, 743, 0, 0, 4, 125, 872
"d:\项目\综合课程设计\SOMS-5\employee-frontend\src\views\collaborative\CollaborativeDemo.vue", "vue", 0, 0, 0, 0, 0, 0, 0, 0, 0, 0, 516, 0, 0, 4, 82, 602
"d:\项目\综合课程设计\SOMS-5\employee-frontend\src\views\collaborative\CollaborativeIndex.vue", "vue", 0, 0, 0, 0, 0, 0, 0, 0, 0, 0, 717, 0, 0, 4, 102, 823
"d:\项目\综合课程设计\SOMS-5\employee-frontend\src\views\collaborative\MarkdownEditor.vue", "vue", 0, 0, 0, 0, 0, 0, 0, 0, 0, 0, 558, 0, 0, 6, 87, 651
"d:\项目\综合课程设计\SOMS-5\employee-frontend\src\views\collaborative\RichTextEditor.vue", "vue", 0, 0, 0, 0, 0, 0, 0, 0, 0, 0, 776, 0, 0, 4, 126, 906
"d:\项目\综合课程设计\SOMS-5\employee-frontend\src\views\collaborative\TableEditor.vue", "vue", 0, 0, 0, 0, 0, 0, 0, 0, 0, 0, 534, 0, 0, 4, 74, 612
"d:\项目\综合课程设计\SOMS-5\employee-frontend\src\views\dashboard\Dashboard.vue", "vue", 0, 0, 0, 0, 0, 0, 0, 0, 0, 0, 1001, 0, 0, 10, 116, 1127
"d:\项目\综合课程设计\SOMS-5\employee-frontend\src\views\leave\Leave.vue", "vue", 0, 0, 0, 0, 0, 0, 0, 0, 0, 0, 388, 0, 0, 4, 49, 441
"d:\项目\综合课程设计\SOMS-5\employee-frontend\src\views\leave\LeaveRecords.vue", "vue", 0, 0, 0, 0, 0, 0, 0, 0, 0, 0, 656, 0, 0, 5, 85, 746
"d:\项目\综合课程设计\SOMS-5\employee-frontend\src\views\notifications\Notifications.vue", "vue", 0, 0, 0, 0, 0, 0, 0, 0, 0, 0, 691, 0, 0, 5, 91, 787
"d:\项目\综合课程设计\SOMS-5\employee-frontend\src\views\permissions\PermissionManagement.vue", "vue", 0, 0, 0, 0, 0, 0, 0, 0, 0, 0, 558, 0, 0, 6, 58, 622
"d:\项目\综合课程设计\SOMS-5\employee-frontend\src\views\profile\Profile.vue", "vue", 0, 0, 0, 0, 0, 0, 0, 0, 0, 0, 831, 0, 0, 7, 101, 939
"d:\项目\综合课程设计\SOMS-5\employee-frontend\src\views\schedule\Schedule.vue", "vue", 0, 0, 0, 0, 0, 0, 0, 0, 0, 0, 611, 0, 0, 6, 87, 704
"d:\项目\综合课程设计\SOMS-5\employee-frontend\src\views\tasks\TaskCreate.vue", "vue", 0, 0, 0, 0, 0, 0, 0, 0, 0, 0, 423, 0, 0, 0, 49, 472
"d:\项目\综合课程设计\SOMS-5\employee-frontend\src\views\tasks\TaskDetail.vue", "vue", 0, 0, 0, 0, 0, 0, 0, 0, 0, 0, 90, 0, 0, 0, 16, 106
"d:\项目\综合课程设计\SOMS-5\employee-frontend\src\views\tasks\TaskManagement.vue", "vue", 0, 0, 0, 0, 0, 0, 0, 0, 0, 0, 406, 0, 0, 5, 46, 457
"d:\项目\综合课程设计\SOMS-5\employee-frontend\src\views\tasks\Tasks.vue", "vue", 0, 0, 0, 0, 0, 0, 0, 0, 0, 0, 6, 0, 0, 0, 1, 7
"d:\项目\综合课程设计\SOMS-5\employee-frontend\src\views\tasks\components\CommentDialog.vue", "vue", 0, 0, 0, 0, 0, 0, 0, 0, 0, 0, 573, 0, 0, 6, 75, 654
"d:\项目\综合课程设计\SOMS-5\employee-frontend\src\views\tasks\components\TaskFormDialog.vue", "vue", 0, 0, 0, 0, 0, 0, 0, 0, 0, 0, 341, 0, 0, 0, 37, 378
"d:\项目\综合课程设计\SOMS-5\employee-frontend\vite.config.js", "JavaScript", 0, 0, 0, 0, 0, 0, 62, 0, 0, 0, 0, 0, 0, 2, 1, 65
"d:\项目\综合课程设计\SOMS-5\package-lock.json", "JSON", 0, 0, 0, 0, 0, 479, 0, 0, 0, 0, 0, 0, 0, 0, 1, 480
"d:\项目\综合课程设计\SOMS-5\package.json", "JSON", 0, 0, 0, 0, 0, 6, 0, 0, 0, 0, 0, 0, 0, 0, 1, 7
"d:\项目\综合课程设计\SOMS-5\shared\README.md", "Markdown", 20, 0, 0, 0, 0, 0, 0, 0, 0, 0, 0, 0, 0, 0, 5, 25
"d:\项目\综合课程设计\SOMS-5\shared\docker\docker-compose.yml", "YAML", 0, 0, 0, 0, 0, 0, 0, 0, 0, 73, 0, 0, 0, 5, 6, 84
"d:\项目\综合课程设计\SOMS-5\shared\nginx\nginx.conf", "Properties", 0, 0, 0, 0, 0, 0, 0, 58, 0, 0, 0, 0, 0, 3, 13, 74
"d:\项目\综合课程设计\SOMS-5\sql\collaborative_editing_tables.sql", "MS SQL", 0, 0, 89, 0, 0, 0, 0, 0, 0, 0, 0, 0, 0, 12, 7, 108
"d:\项目\综合课程设计\SOMS-5\test_xml.py", "Python", 0, 16, 0, 0, 0, 0, 0, 0, 0, 0, 0, 0, 0, 2, 3, 21
"d:\项目\综合课程设计\SOMS-5\功能清单.md", "Markdown", 376, 0, 0, 0, 0, 0, 0, 0, 0, 0, 0, 0, 0, 0, 116, 492
"d:\项目\综合课程设计\SOMS-5\记忆.md", "Markdown", 0, 0, 0, 0, 0, 0, 0, 0, 0, 0, 0, 0, 0, 0, 2, 2
"Total", "-", 906, 16, 786, 12, 507, 5432, 4150, 58, 26, 257, 28769, 272, 20498, 5037, 8151, 74877